# Blender 4.0.2
# www.blender.org
mtllib jeans.mtl
o Legs.001
v -0.006338 0.388223 -0.431712
v 0.005441 0.350384 -0.469534
v 0.020831 0.300946 -0.490003
v 0.029159 0.274190 -0.492638
v 0.037488 0.247434 -0.490003
v 0.052878 0.197996 -0.469534
v -0.007060 0.410460 -0.381780
v 0.000804 0.404347 -0.407003
v 0.009758 0.393233 -0.430248
v 0.019458 0.377544 -0.450623
v 0.029530 0.357883 -0.467344
v 0.039588 0.335006 -0.479769
v 0.049246 0.309791 -0.487420
v 0.058131 0.283209 -0.490003
v 0.065903 0.256280 -0.487420
v 0.072263 0.230039 -0.479769
v 0.076967 0.205495 -0.467344
v 0.079833 0.183590 -0.450623
v 0.080752 0.165168 -0.430248
v 0.079689 0.150935 -0.407003
v 0.076683 0.141439 -0.381780
v -0.001625 0.412152 -0.380258
v 0.011465 0.407666 -0.404018
v 0.025236 0.398051 -0.425914
v 0.039157 0.383676 -0.445107
v 0.052694 0.365093 -0.460858
v 0.065326 0.343018 -0.472562
v 0.076569 0.318297 -0.479769
v 0.085990 0.291881 -0.482202
v 0.093227 0.264785 -0.479769
v 0.098001 0.238051 -0.472562
v 0.100131 0.212705 -0.460858
v 0.099532 0.189723 -0.445107
v 0.096230 0.169986 -0.425914
v 0.090350 0.154254 -0.404018
v 0.082118 0.143131 -0.380258
v 0.003384 0.413711 -0.377787
v 0.021291 0.410725 -0.399170
v 0.039500 0.402491 -0.418876
v 0.057312 0.389327 -0.436149
v 0.074042 0.371739 -0.450324
v 0.089047 0.350401 -0.460858
v 0.101751 0.326135 -0.467344
v 0.111665 0.299873 -0.469534
v 0.118408 0.272624 -0.467344
v 0.121722 0.245435 -0.460858
v 0.121478 0.219351 -0.450324
v 0.117687 0.195374 -0.436149
v 0.110494 0.174426 -0.418876
v 0.100175 0.157312 -0.399170
v 0.087127 0.144690 -0.377787
v 0.007774 0.415078 -0.374461
v 0.029902 0.413405 -0.392645
v 0.052002 0.406383 -0.409404
v 0.073224 0.394281 -0.424094
v 0.092753 0.377563 -0.436149
v 0.109838 0.356873 -0.445107
v 0.123822 0.333006 -0.450623
v 0.134169 0.306878 -0.452485
v 0.140480 0.279494 -0.450623
v 0.142513 0.251907 -0.445107
v 0.140190 0.225175 -0.436149
v 0.133600 0.200327 -0.424094
v 0.122996 0.178318 -0.409404
v 0.108787 0.159993 -0.392645
v 0.091517 0.146057 -0.374461
v 0.011377 0.416199 -0.370408
v 0.036970 0.415605 -0.384696
v 0.062263 0.409577 -0.397863
v 0.086284 0.398346 -0.409404
v 0.108109 0.382344 -0.418876
v 0.126900 0.362185 -0.425914
v 0.141936 0.338645 -0.430248
v 0.152637 0.312627 -0.431712
v 0.158593 0.285133 -0.430248
v 0.159575 0.257218 -0.425914
v 0.155546 0.229955 -0.418876
v 0.146659 0.204393 -0.409404
v 0.133257 0.181512 -0.397863
v 0.115854 0.162193 -0.384696
v 0.095120 0.147178 -0.370408
v -0.013533 0.411336 -0.355550
v 0.014054 0.417033 -0.365784
v 0.042222 0.417240 -0.375626
v 0.069887 0.411950 -0.384696
v 0.095988 0.401367 -0.392645
v 0.119520 0.385895 -0.399170
v 0.139579 0.366132 -0.404018
v 0.155395 0.342834 -0.407003
v 0.166361 0.316899 -0.408011
v 0.172053 0.289323 -0.407003
v 0.172254 0.261165 -0.404018
v 0.166956 0.233507 -0.399170
v 0.156363 0.207413 -0.392645
v 0.140881 0.183885 -0.384696
v 0.121106 0.163828 -0.375626
v 0.097798 0.148012 -0.365784
v 0.015703 0.417546 -0.360767
v 0.045456 0.418247 -0.365784
v 0.074582 0.413412 -0.370408
v 0.101963 0.403227 -0.374461
v 0.126546 0.388083 -0.377787
v 0.147387 0.368562 -0.380258
v 0.163684 0.345414 -0.381780
v 0.174811 0.319530 -0.382294
v 0.180341 0.291903 -0.381780
v 0.180062 0.263595 -0.380258
v 0.173983 0.235695 -0.377787
v 0.162339 0.209273 -0.374461
v 0.145576 0.185347 -0.370408
v 0.124340 0.164835 -0.365784
v 0.099446 0.148525 -0.360767
v 0.016260 0.417719 -0.355550
v 0.046548 0.418587 -0.355550
v 0.076168 0.413905 -0.355550
v 0.103981 0.403855 -0.355550
v 0.128919 0.388821 -0.355550
v 0.150023 0.369383 -0.355550
v 0.166483 0.346286 -0.355550
v 0.177665 0.320418 -0.355550
v 0.183140 0.292774 -0.355550
v 0.182698 0.264416 -0.355550
v 0.176355 0.236433 -0.355550
v 0.164356 0.209902 -0.355550
v 0.147162 0.185840 -0.355550
v 0.125432 0.165175 -0.355550
v 0.100003 0.148698 -0.355550
v 0.015703 0.417546 -0.350332
v 0.045456 0.418247 -0.345315
v 0.074582 0.413412 -0.340691
v 0.101963 0.403227 -0.336639
v 0.126546 0.388083 -0.333313
v 0.147387 0.368562 -0.330841
v 0.163684 0.345414 -0.329319
v 0.174811 0.319530 -0.328805
v 0.180341 0.291903 -0.329319
v 0.180062 0.263595 -0.330841
v 0.173983 0.235695 -0.333313
v 0.162339 0.209273 -0.336639
v 0.145576 0.185347 -0.340691
v 0.124340 0.164835 -0.345315
v 0.099446 0.148525 -0.350332
v 0.014054 0.417033 -0.345315
v 0.042222 0.417240 -0.335474
v 0.069887 0.411950 -0.326404
v 0.095987 0.401367 -0.318454
v 0.119520 0.385895 -0.311930
v 0.139579 0.366132 -0.307082
v 0.155395 0.342834 -0.304097
v 0.166360 0.316899 -0.303089
v 0.172053 0.289323 -0.304097
v 0.172254 0.261165 -0.307082
v 0.166956 0.233507 -0.311930
v 0.156363 0.207413 -0.318454
v 0.140881 0.183885 -0.326404
v 0.121106 0.163828 -0.335474
v 0.097798 0.148012 -0.345315
v 0.011377 0.416199 -0.340691
v 0.036970 0.415605 -0.326404
v 0.062263 0.409577 -0.313236
v 0.086284 0.398346 -0.301695
v 0.108109 0.382344 -0.292223
v 0.126900 0.362185 -0.285185
v 0.141936 0.338645 -0.280851
v 0.152637 0.312627 -0.279388
v 0.158593 0.285133 -0.280851
v 0.159575 0.257218 -0.285185
v 0.155546 0.229955 -0.292223
v 0.146659 0.204393 -0.301695
v 0.133257 0.181512 -0.313236
v 0.115854 0.162193 -0.326404
v 0.095120 0.147178 -0.340691
v 0.007774 0.415078 -0.336639
v 0.029902 0.413405 -0.318454
v 0.052002 0.406383 -0.301695
v 0.073224 0.394281 -0.287006
v 0.092753 0.377563 -0.274951
v 0.109838 0.356873 -0.265993
v 0.123822 0.333006 -0.260477
v 0.134169 0.306878 -0.258614
v 0.140480 0.279494 -0.260477
v 0.142513 0.251907 -0.265993
v 0.140190 0.225175 -0.274951
v 0.133600 0.200327 -0.287006
v 0.122996 0.178318 -0.301695
v 0.108787 0.159993 -0.318454
v 0.091517 0.146057 -0.336639
v 0.003384 0.413711 -0.333313
v 0.021291 0.410725 -0.311930
v 0.039500 0.402491 -0.292223
v 0.057312 0.389327 -0.274951
v 0.074042 0.371739 -0.260775
v 0.089047 0.350401 -0.250242
v 0.101750 0.326135 -0.243756
v 0.111665 0.299873 -0.241565
v 0.118408 0.272624 -0.243756
v 0.121722 0.245435 -0.250242
v 0.121478 0.219350 -0.260775
v 0.117687 0.195374 -0.274951
v 0.110494 0.174426 -0.292223
v 0.100175 0.157312 -0.311930
v 0.087127 0.144690 -0.333313
v -0.001625 0.412152 -0.330841
v 0.011465 0.407666 -0.307082
v 0.025236 0.398051 -0.285185
v 0.039157 0.383676 -0.265993
v 0.052694 0.365093 -0.250242
v 0.065326 0.343018 -0.238538
v 0.076569 0.318297 -0.231331
v 0.085990 0.291881 -0.228897
v 0.093227 0.264785 -0.231331
v 0.098001 0.238051 -0.238538
v 0.100131 0.212705 -0.250242
v 0.099532 0.189723 -0.265993
v 0.096230 0.169986 -0.285185
v 0.090350 0.154254 -0.307082
v 0.082118 0.143131 -0.330841
v -0.007060 0.410460 -0.329319
v 0.000804 0.404347 -0.304097
v 0.009758 0.393233 -0.280851
v 0.019458 0.377544 -0.260477
v 0.029530 0.357883 -0.243756
v 0.039588 0.335006 -0.231331
v 0.049246 0.309791 -0.223680
v 0.058131 0.283209 -0.221096
v 0.065903 0.256280 -0.223680
v 0.072263 0.230039 -0.231331
v 0.076967 0.205495 -0.243756
v 0.079833 0.183590 -0.260477
v 0.080752 0.165168 -0.280851
v 0.079689 0.150935 -0.304097
v 0.076683 0.141439 -0.329319
v -0.012712 0.408701 -0.328805
v -0.010283 0.400896 -0.303089
v -0.006338 0.388223 -0.279388
v -0.001028 0.371167 -0.258614
v 0.005441 0.350384 -0.241565
v 0.012822 0.326673 -0.228897
v 0.020831 0.300946 -0.221096
v 0.029159 0.274190 -0.218462
v 0.037488 0.247434 -0.221096
v 0.045497 0.221707 -0.228897
v 0.052878 0.197996 -0.241565
v 0.059347 0.177213 -0.258614
v 0.064656 0.160157 -0.279388
v 0.068602 0.147484 -0.303089
v 0.071031 0.139679 -0.328805
v -0.018364 0.406941 -0.329319
v -0.021370 0.397445 -0.304097
v -0.022434 0.383212 -0.280851
v -0.021515 0.364790 -0.260477
v -0.018648 0.342885 -0.243756
v -0.013945 0.318341 -0.231331
v -0.007585 0.292100 -0.223680
v 0.000187 0.265171 -0.221096
v 0.009073 0.238589 -0.223680
v 0.018730 0.213374 -0.231331
v 0.028788 0.190497 -0.243756
v 0.038861 0.170836 -0.260477
v 0.048560 0.155147 -0.280851
v 0.057514 0.144033 -0.304097
v 0.065379 0.137920 -0.329319
v -0.023799 0.405249 -0.330841
v -0.032031 0.394126 -0.307082
v -0.037911 0.378394 -0.285185
v -0.041214 0.358657 -0.265993
v -0.041812 0.335675 -0.250242
v -0.039683 0.310329 -0.238538
v -0.034908 0.283595 -0.231331
v -0.027671 0.256499 -0.228897
v -0.018250 0.230083 -0.231331
v -0.007008 0.205363 -0.238538
v 0.005625 0.183287 -0.250242
v 0.019162 0.164704 -0.265993
v 0.033083 0.150329 -0.285185
v 0.046853 0.140714 -0.307082
v 0.059944 0.136228 -0.330841
v -0.028808 0.403690 -0.333313
v -0.041856 0.391068 -0.311930
v -0.052175 0.373954 -0.292223
v -0.059368 0.353006 -0.274951
v -0.063160 0.329030 -0.260775
v -0.063403 0.302945 -0.250242
v -0.060089 0.275756 -0.243756
v -0.053346 0.248507 -0.241565
v -0.043432 0.222245 -0.243756
v -0.030728 0.197979 -0.250242
v -0.015723 0.176641 -0.260775
v 0.001007 0.159053 -0.274951
v 0.018819 0.145889 -0.292223
v 0.037028 0.137655 -0.311930
v 0.054935 0.134669 -0.333313
v -0.033199 0.402323 -0.336639
v -0.050468 0.388387 -0.318454
v -0.064678 0.370062 -0.301695
v -0.075281 0.348053 -0.287006
v -0.081871 0.323205 -0.274951
v -0.084194 0.296473 -0.265993
v -0.082161 0.268886 -0.260477
v -0.075850 0.241502 -0.258614
v -0.065503 0.215374 -0.260477
v -0.051519 0.191507 -0.265993
v -0.034434 0.170817 -0.274951
v -0.014906 0.154099 -0.287006
v 0.006316 0.141997 -0.301695
v 0.028416 0.134975 -0.318454
v 0.050545 0.133302 -0.336639
v 0.071851 0.137044 -0.355550
v -0.036802 0.401202 -0.340691
v -0.057536 0.386187 -0.326404
v -0.074938 0.366868 -0.313237
v -0.088340 0.343987 -0.301695
v -0.097227 0.318425 -0.292223
v -0.101257 0.291162 -0.285185
v -0.100275 0.263247 -0.280851
v -0.094318 0.235753 -0.279388
v -0.083617 0.209736 -0.280851
v -0.068582 0.186195 -0.285185
v -0.049790 0.166037 -0.292223
v -0.027965 0.150034 -0.301695
v -0.003944 0.138803 -0.313237
v 0.021349 0.132775 -0.326404
v 0.046942 0.132181 -0.340691
v -0.039479 0.400368 -0.345315
v -0.062787 0.384552 -0.335474
v -0.082563 0.364495 -0.326404
v -0.098044 0.340967 -0.318454
v -0.108638 0.314873 -0.311930
v -0.113935 0.287215 -0.307082
v -0.113734 0.259057 -0.304097
v -0.108042 0.231481 -0.303089
v -0.097077 0.205546 -0.304097
v -0.081260 0.182248 -0.307082
v -0.061201 0.162485 -0.311930
v -0.037669 0.147013 -0.318454
v -0.011568 0.136430 -0.326404
v 0.016097 0.131140 -0.335474
v 0.044264 0.131347 -0.345315
v -0.041128 0.399855 -0.350332
v -0.066021 0.383545 -0.345315
v -0.087258 0.363033 -0.340691
v -0.104020 0.339107 -0.336639
v -0.115664 0.312685 -0.333313
v -0.121743 0.284785 -0.330841
v -0.122023 0.256477 -0.329319
v -0.116493 0.228850 -0.328805
v -0.105365 0.202966 -0.329319
v -0.089068 0.179818 -0.330841
v -0.068227 0.160297 -0.333313
v -0.043644 0.145153 -0.336639
v -0.016263 0.134968 -0.340691
v 0.012863 0.130133 -0.345315
v 0.042616 0.130834 -0.350332
v -0.041684 0.399682 -0.355550
v -0.067113 0.383205 -0.355550
v -0.088843 0.362540 -0.355550
v -0.106038 0.338479 -0.355550
v -0.118037 0.311947 -0.355550
v -0.124379 0.283964 -0.355550
v -0.124821 0.255606 -0.355550
v -0.119346 0.227962 -0.355550
v -0.108164 0.202094 -0.355550
v -0.091704 0.178997 -0.355550
v -0.070600 0.159559 -0.355550
v -0.045662 0.144525 -0.355550
v -0.017849 0.134475 -0.355550
v 0.011771 0.129793 -0.355550
v 0.042059 0.130661 -0.355550
v -0.041128 0.399855 -0.360767
v -0.066021 0.383545 -0.365784
v -0.087258 0.363033 -0.370408
v -0.104020 0.339107 -0.374461
v -0.115664 0.312685 -0.377787
v -0.121743 0.284785 -0.380258
v -0.122023 0.256477 -0.381780
v -0.116493 0.228850 -0.382294
v -0.105365 0.202966 -0.381780
v -0.089068 0.179818 -0.380258
v -0.068227 0.160297 -0.377787
v -0.043644 0.145153 -0.374461
v -0.016263 0.134968 -0.370408
v 0.012863 0.130133 -0.365784
v 0.042616 0.130834 -0.360767
v -0.039479 0.400368 -0.365784
v -0.062787 0.384552 -0.375626
v -0.082563 0.364495 -0.384696
v -0.098044 0.340967 -0.392645
v -0.108638 0.314873 -0.399170
v -0.113935 0.287215 -0.404018
v -0.113734 0.259057 -0.407003
v -0.108042 0.231481 -0.408011
v -0.097077 0.205546 -0.407003
v -0.081260 0.182248 -0.404018
v -0.061201 0.162485 -0.399170
v -0.037669 0.147013 -0.392645
v -0.011568 0.136430 -0.384696
v 0.016097 0.131140 -0.375626
v 0.044264 0.131347 -0.365784
v -0.036802 0.401202 -0.370408
v -0.057536 0.386187 -0.384696
v -0.074938 0.366868 -0.397863
v -0.088340 0.343987 -0.409404
v -0.097227 0.318425 -0.418876
v -0.101257 0.291162 -0.425914
v -0.100275 0.263247 -0.430248
v -0.094318 0.235753 -0.431712
v -0.083617 0.209736 -0.430248
v -0.068582 0.186195 -0.425914
v -0.049790 0.166037 -0.418876
v -0.027965 0.150034 -0.409404
v -0.003944 0.138803 -0.397863
v 0.021349 0.132775 -0.384696
v 0.046942 0.132181 -0.370408
v -0.033199 0.402323 -0.374461
v -0.050468 0.388387 -0.392645
v -0.064678 0.370062 -0.409404
v -0.075281 0.348053 -0.424094
v -0.081871 0.323205 -0.436149
v -0.084194 0.296473 -0.445107
v -0.082161 0.268886 -0.450623
v -0.075850 0.241502 -0.452485
v -0.065503 0.215374 -0.450623
v -0.051519 0.191507 -0.445107
v -0.034434 0.170817 -0.436149
v -0.014906 0.154099 -0.424094
v 0.006316 0.141997 -0.409404
v 0.028416 0.134975 -0.392645
v 0.050545 0.133302 -0.374461
v -0.028808 0.403690 -0.377787
v -0.041856 0.391068 -0.399170
v -0.052175 0.373954 -0.418876
v -0.059368 0.353006 -0.436149
v -0.063160 0.329030 -0.450324
v -0.063403 0.302945 -0.460858
v -0.060089 0.275756 -0.467344
v -0.053346 0.248507 -0.469534
v -0.043432 0.222245 -0.467344
v -0.030728 0.197979 -0.460858
v -0.015723 0.176641 -0.450324
v 0.001007 0.159053 -0.436149
v 0.018819 0.145889 -0.418876
v 0.037028 0.137655 -0.399170
v 0.054935 0.134669 -0.377787
v -0.023799 0.405249 -0.380258
v -0.032031 0.394126 -0.404018
v -0.037911 0.378394 -0.425914
v -0.041214 0.358657 -0.445107
v -0.041812 0.335675 -0.460858
v -0.039683 0.310329 -0.472561
v -0.034908 0.283595 -0.479769
v -0.027671 0.256499 -0.482202
v -0.018250 0.230083 -0.479769
v -0.007008 0.205363 -0.472561
v 0.005625 0.183287 -0.460858
v 0.019162 0.164704 -0.445107
v 0.033083 0.150329 -0.425914
v 0.046853 0.140714 -0.404018
v 0.059944 0.136228 -0.380258
v -0.018364 0.406941 -0.381780
v -0.021370 0.397445 -0.407003
v -0.022434 0.383212 -0.430248
v -0.021515 0.364790 -0.450623
v -0.018648 0.342885 -0.467344
v -0.013945 0.318341 -0.479769
v -0.007585 0.292100 -0.487420
v 0.000187 0.265171 -0.490003
v 0.009073 0.238589 -0.487420
v 0.018730 0.213374 -0.479769
v 0.028788 0.190497 -0.467344
v 0.038861 0.170836 -0.450623
v 0.048560 0.155147 -0.430248
v 0.057514 0.144033 -0.407003
v 0.065379 0.137920 -0.381780
v -0.012712 0.408701 -0.382294
v -0.010283 0.400896 -0.408011
v -0.001028 0.371167 -0.452485
v 0.012822 0.326673 -0.482202
v 0.045497 0.221707 -0.482202
v 0.059347 0.177213 -0.452485
v 0.064656 0.160158 -0.431712
v 0.068602 0.147484 -0.408011
v 0.071031 0.139679 -0.382294
v 0.212474 -0.303268 -0.133244
v 0.019807 0.315666 -0.133244
v 0.236520 -0.295783 -0.130539
v 0.043853 0.323151 -0.130539
v 0.259641 -0.288586 -0.122528
v 0.066974 0.330348 -0.122528
v 0.280950 -0.281952 -0.109518
v 0.088283 0.336982 -0.109518
v 0.299628 -0.276138 -0.092010
v 0.106961 0.342796 -0.092010
v 0.314956 -0.271367 -0.070677
v 0.122289 0.347567 -0.070677
v 0.326346 -0.267821 -0.046338
v 0.133679 0.351113 -0.046338
v 0.333360 -0.265638 -0.019928
v 0.140692 0.353296 -0.019928
v 0.335728 -0.264901 0.007537
v 0.143061 0.354033 0.007537
v 0.333360 -0.265638 0.035002
v 0.140692 0.353296 0.035002
v 0.326346 -0.267821 0.061412
v 0.133679 0.351113 0.061412
v 0.314956 -0.271367 0.085751
v 0.122289 0.347567 0.085751
v 0.299628 -0.276138 0.107084
v 0.106961 0.342796 0.107084
v 0.280950 -0.281952 0.124592
v 0.088283 0.336982 0.124592
v 0.259641 -0.288586 0.137602
v 0.066974 0.330348 0.137602
v 0.236520 -0.295783 0.145613
v 0.043853 0.323151 0.145613
v 0.212474 -0.303268 0.148318
v 0.019807 0.315666 0.148318
v 0.188429 -0.310753 0.145613
v -0.004239 0.308181 0.145613
v 0.165307 -0.317951 0.137602
v -0.027360 0.300983 0.137602
v 0.143998 -0.324584 0.124592
v -0.048669 0.294350 0.124592
v 0.125321 -0.330398 0.107084
v -0.067347 0.288536 0.107084
v 0.109992 -0.335170 0.085751
v -0.082675 0.283764 0.085751
v 0.098602 -0.338715 0.061412
v -0.094065 0.280219 0.061412
v 0.091589 -0.340898 0.035002
v -0.101078 0.278035 0.035002
v 0.089220 -0.341636 0.007537
v -0.103447 0.277298 0.007537
v 0.091589 -0.340898 -0.019928
v -0.101078 0.278035 -0.019928
v 0.098602 -0.338715 -0.046338
v -0.094065 0.280219 -0.046338
v 0.109992 -0.335170 -0.070677
v -0.082675 0.283764 -0.070677
v 0.125321 -0.330398 -0.092010
v -0.067347 0.288536 -0.092010
v 0.143998 -0.324584 -0.109518
v -0.048669 0.294350 -0.109518
v 0.165307 -0.317951 -0.122528
v -0.027360 0.300983 -0.122528
v 0.188429 -0.310753 -0.130539
v -0.004239 0.308181 -0.130539
v 0.227359 -0.298635 -0.482982
v 0.034691 0.320299 -0.482982
v 0.250033 -0.291576 -0.480548
v 0.057366 0.327358 -0.480548
v 0.271837 -0.284789 -0.473340
v 0.079170 0.334145 -0.473340
v 0.291931 -0.278534 -0.461635
v 0.099264 0.340400 -0.461635
v 0.309544 -0.273051 -0.445883
v 0.116877 0.345883 -0.445883
v 0.323999 -0.268552 -0.426688
v 0.131332 0.350382 -0.426688
v 0.334739 -0.265208 -0.404790
v 0.142072 0.353725 -0.404790
v 0.341353 -0.263149 -0.381029
v 0.148686 0.355784 -0.381029
v 0.343587 -0.262454 -0.356318
v 0.150920 0.356480 -0.356318
v 0.341353 -0.263149 -0.331607
v 0.148686 0.355784 -0.331607
v 0.334739 -0.265208 -0.307846
v 0.142072 0.353725 -0.307846
v 0.323999 -0.268552 -0.285947
v 0.131332 0.350382 -0.285947
v 0.309544 -0.273051 -0.266753
v 0.116877 0.345883 -0.266753
v 0.291931 -0.278534 -0.251001
v 0.099264 0.340400 -0.251001
v 0.271837 -0.284789 -0.239296
v 0.079170 0.334145 -0.239296
v 0.250033 -0.291576 -0.232088
v 0.057366 0.327358 -0.232088
v 0.227359 -0.298635 -0.229654
v 0.034691 0.320299 -0.229654
v 0.204683 -0.305693 -0.232088
v 0.012016 0.313241 -0.232088
v 0.182880 -0.312481 -0.239296
v -0.009787 0.306453 -0.239296
v 0.162786 -0.318736 -0.251001
v -0.029882 0.300198 -0.251001
v 0.145173 -0.324218 -0.266753
v -0.047494 0.294716 -0.266753
v 0.130718 -0.328718 -0.285947
v -0.061949 0.290216 -0.285947
v 0.119978 -0.332061 -0.307846
v -0.072690 0.286873 -0.307846
v 0.113364 -0.334120 -0.331607
v -0.079304 0.284814 -0.331607
v 0.111130 -0.334815 -0.356318
v -0.081537 0.284119 -0.356318
v 0.113364 -0.334120 -0.381029
v -0.079304 0.284814 -0.381029
v 0.119978 -0.332061 -0.404790
v -0.072690 0.286873 -0.404790
v 0.130718 -0.328718 -0.426688
v -0.061949 0.290216 -0.426688
v 0.145173 -0.324218 -0.445883
v -0.047494 0.294716 -0.445883
v 0.162786 -0.318736 -0.461635
v -0.029882 0.300198 -0.461635
v 0.182880 -0.312481 -0.473340
v -0.009787 0.306453 -0.473340
v 0.204683 -0.305693 -0.480548
v 0.012016 0.313241 -0.480548
v 0.046271 0.279455 -0.491069
v -0.601633 0.297356 -0.491069
v 0.047053 0.307733 -0.488504
v -0.600851 0.325635 -0.488504
v 0.047804 0.334924 -0.480907
v -0.600100 0.352826 -0.480907
v 0.048496 0.359984 -0.468571
v -0.599408 0.377886 -0.468571
v 0.049103 0.381949 -0.451969
v -0.598801 0.399851 -0.451969
v 0.049601 0.399975 -0.431740
v -0.598303 0.417877 -0.431740
v 0.049971 0.413370 -0.408660
v -0.597933 0.431272 -0.408660
v 0.050199 0.421619 -0.383617
v -0.597705 0.439520 -0.383617
v 0.050276 0.424404 -0.357573
v -0.597628 0.442305 -0.357573
v 0.050199 0.421619 -0.331529
v -0.597705 0.439520 -0.331529
v 0.049971 0.413370 -0.306486
v -0.597933 0.431272 -0.306486
v 0.049601 0.399975 -0.283407
v -0.598303 0.417877 -0.283407
v 0.049103 0.381949 -0.263177
v -0.598801 0.399851 -0.263177
v 0.048496 0.359984 -0.246575
v -0.599408 0.377886 -0.246575
v 0.047804 0.334924 -0.234239
v -0.600100 0.352826 -0.234239
v 0.047053 0.307733 -0.226642
v -0.600851 0.325635 -0.226642
v 0.046271 0.279455 -0.224077
v -0.601633 0.297356 -0.224077
v 0.045490 0.251177 -0.226642
v -0.602414 0.269078 -0.226642
v 0.044739 0.223985 -0.234239
v -0.603165 0.241887 -0.234239
v 0.044046 0.198925 -0.246575
v -0.603858 0.216827 -0.246575
v 0.043439 0.176960 -0.263177
v -0.604465 0.194862 -0.263177
v 0.042941 0.158934 -0.283407
v -0.604963 0.176836 -0.283407
v 0.042571 0.145539 -0.306486
v -0.605333 0.163441 -0.306486
v 0.042343 0.137291 -0.331529
v -0.605561 0.155192 -0.331529
v 0.042266 0.134506 -0.357573
v -0.605638 0.152407 -0.357573
v 0.042343 0.137291 -0.383617
v -0.605561 0.155192 -0.383617
v 0.042571 0.145539 -0.408660
v -0.605333 0.163441 -0.408660
v 0.042941 0.158934 -0.431740
v -0.604963 0.176836 -0.431740
v 0.043439 0.176960 -0.451969
v -0.604465 0.194862 -0.451969
v 0.044046 0.198925 -0.468571
v -0.603858 0.216827 -0.468571
v 0.044739 0.223985 -0.480907
v -0.603165 0.241887 -0.480907
v 0.045490 0.251177 -0.488504
v -0.602414 0.269078 -0.488504
v 0.046271 0.276753 -0.140165
v -0.601633 0.294655 -0.140165
v 0.047053 0.305031 -0.137288
v -0.600851 0.322933 -0.137288
v 0.047804 0.332223 -0.128767
v -0.600100 0.350124 -0.128767
v 0.048496 0.357282 -0.114931
v -0.599408 0.375184 -0.114931
v 0.049103 0.379248 -0.096311
v -0.598801 0.397149 -0.096311
v 0.049601 0.397274 -0.073623
v -0.598303 0.415176 -0.073623
v 0.049971 0.410669 -0.047737
v -0.597933 0.428570 -0.047737
v 0.050199 0.418917 -0.019650
v -0.597705 0.436819 -0.019650
v 0.050276 0.421702 0.009560
v -0.597628 0.439604 0.009560
v 0.050199 0.418917 0.038770
v -0.597705 0.436819 0.038770
v 0.049971 0.410669 0.066857
v -0.597933 0.428570 0.066857
v 0.049601 0.397274 0.092742
v -0.598303 0.415176 0.092742
v 0.049103 0.379248 0.115431
v -0.598801 0.397149 0.115431
v 0.048496 0.357282 0.134051
v -0.599408 0.375184 0.134051
v 0.047804 0.332223 0.147887
v -0.600100 0.350124 0.147887
v 0.047053 0.305031 0.156407
v -0.600851 0.322933 0.156407
v 0.046271 0.276753 0.159284
v -0.601633 0.294655 0.159284
v 0.045490 0.248475 0.156407
v -0.602414 0.266377 0.156407
v 0.044739 0.221283 0.147887
v -0.603165 0.239185 0.147887
v 0.044046 0.196224 0.134051
v -0.603858 0.214125 0.134051
v 0.043439 0.174259 0.115431
v -0.604465 0.192160 0.115431
v 0.042941 0.156232 0.092742
v -0.604963 0.174134 0.092742
v 0.042571 0.142838 0.066857
v -0.605333 0.160739 0.066857
v 0.042343 0.134589 0.038770
v -0.605561 0.152491 0.038770
v 0.042266 0.131804 0.009560
v -0.605638 0.149706 0.009560
v 0.042343 0.134589 -0.019650
v -0.605561 0.152491 -0.019650
v 0.042571 0.142838 -0.047737
v -0.605333 0.160739 -0.047737
v 0.042941 0.156232 -0.073623
v -0.604963 0.174134 -0.073623
v 0.043439 0.174259 -0.096311
v -0.604465 0.192160 -0.096311
v 0.044046 0.196224 -0.114931
v -0.603858 0.214125 -0.114931
v 0.044739 0.221283 -0.128767
v -0.603165 0.239185 -0.128767
v 0.045490 0.248475 -0.137288
v -0.602414 0.266377 -0.137288
v -0.012585 0.386278 -0.073776
v -0.000807 0.348439 -0.114092
v 0.014583 0.299001 -0.135911
v 0.022912 0.272245 -0.138719
v 0.031240 0.245489 -0.135911
v 0.046630 0.196051 -0.114092
v -0.013308 0.408515 -0.020553
v -0.005444 0.402403 -0.047439
v 0.003511 0.391288 -0.072216
v 0.013210 0.375599 -0.093934
v 0.023283 0.355938 -0.111758
v 0.033341 0.333061 -0.125001
v 0.042998 0.307846 -0.133157
v 0.051884 0.281264 -0.135911
v 0.059656 0.254335 -0.133157
v 0.066016 0.228094 -0.125001
v 0.070719 0.203550 -0.111758
v 0.073586 0.181646 -0.093934
v 0.074505 0.163223 -0.072216
v 0.073441 0.148990 -0.047439
v 0.070435 0.139494 -0.020553
v -0.007873 0.410207 -0.018931
v 0.005218 0.405721 -0.044257
v 0.018988 0.396106 -0.067597
v 0.032909 0.381731 -0.088054
v 0.046446 0.363149 -0.104844
v 0.059079 0.341073 -0.117319
v 0.070321 0.316352 -0.125001
v 0.079742 0.289936 -0.127595
v 0.086979 0.262840 -0.125001
v 0.091754 0.236106 -0.117319
v 0.093883 0.210760 -0.104844
v 0.093285 0.187778 -0.088054
v 0.089982 0.168041 -0.067597
v 0.084102 0.152309 -0.044257
v 0.075870 0.141186 -0.018931
v -0.002864 0.411766 -0.016297
v 0.015043 0.408780 -0.039089
v 0.033252 0.400546 -0.060095
v 0.051064 0.387382 -0.078506
v 0.067794 0.369794 -0.093616
v 0.082799 0.348457 -0.104844
v 0.095503 0.324190 -0.111758
v 0.105417 0.297928 -0.114092
v 0.112160 0.270679 -0.111758
v 0.115474 0.243490 -0.104844
v 0.115231 0.217406 -0.093616
v 0.111439 0.193429 -0.078506
v 0.104246 0.172481 -0.060095
v 0.093927 0.155367 -0.039089
v 0.080879 0.142745 -0.016297
v 0.001526 0.413133 -0.012751
v 0.023655 0.411461 -0.032135
v 0.045755 0.404438 -0.049998
v 0.066977 0.392336 -0.065656
v 0.086505 0.375618 -0.078506
v 0.103590 0.354928 -0.088054
v 0.117574 0.331061 -0.093934
v 0.127921 0.304933 -0.095920
v 0.134232 0.277549 -0.093934
v 0.136265 0.249962 -0.088054
v 0.133942 0.223230 -0.078506
v 0.127352 0.198383 -0.065656
v 0.116749 0.176373 -0.049998
v 0.102539 0.158048 -0.032135
v 0.085269 0.144112 -0.012751
v 0.005129 0.414254 -0.008432
v 0.030722 0.413661 -0.023661
v 0.056015 0.407632 -0.037696
v 0.080036 0.396401 -0.049998
v 0.101861 0.380399 -0.060095
v 0.120653 0.360240 -0.067597
v 0.135688 0.336700 -0.072216
v 0.146389 0.310682 -0.073776
v 0.152346 0.283188 -0.072216
v 0.153328 0.255273 -0.067597
v 0.149298 0.228010 -0.060095
v 0.140411 0.202448 -0.049998
v 0.127009 0.179567 -0.037696
v 0.109607 0.160248 -0.023661
v 0.088872 0.145233 -0.008432
v -0.019780 0.409391 0.007406
v 0.007807 0.415088 -0.003503
v 0.035974 0.415295 -0.013993
v 0.063639 0.410006 -0.023661
v 0.089740 0.399422 -0.032135
v 0.113272 0.383951 -0.039089
v 0.133331 0.364187 -0.044257
v 0.149148 0.340889 -0.047439
v 0.160113 0.314954 -0.048513
v 0.165805 0.287378 -0.047439
v 0.166006 0.259220 -0.044257
v 0.160709 0.231562 -0.039089
v 0.150115 0.205468 -0.032135
v 0.134633 0.181941 -0.023661
v 0.114858 0.161883 -0.013993
v 0.091550 0.146067 -0.003503
v 0.009455 0.415601 0.001845
v 0.039208 0.416302 -0.003503
v 0.068334 0.411467 -0.008432
v 0.095715 0.401282 -0.012751
v 0.120298 0.386138 -0.016297
v 0.141139 0.366617 -0.018931
v 0.157436 0.343470 -0.020553
v 0.168564 0.317585 -0.021101
v 0.174094 0.289958 -0.020553
v 0.173814 0.261650 -0.018931
v 0.167735 0.233750 -0.016297
v 0.156091 0.207329 -0.012751
v 0.139329 0.183402 -0.008432
v 0.118092 0.162890 -0.003503
v 0.093198 0.146580 0.001845
v 0.010012 0.415774 0.007406
v 0.040300 0.416642 0.007406
v 0.069920 0.411961 0.007406
v 0.097733 0.401910 0.007406
v 0.122671 0.386876 0.007406
v 0.143775 0.367438 0.007406
v 0.160235 0.344341 0.007406
v 0.171417 0.318473 0.007406
v 0.176892 0.290829 0.007406
v 0.176450 0.262471 0.007406
v 0.170108 0.234488 0.007406
v 0.158109 0.207957 0.007406
v 0.140914 0.183896 0.007406
v 0.119184 0.163230 0.007406
v 0.093755 0.146753 0.007406
v 0.009455 0.415601 0.012968
v 0.039208 0.416302 0.018316
v 0.068334 0.411467 0.023244
v 0.095715 0.401282 0.027564
v 0.120298 0.386138 0.031110
v 0.141139 0.366617 0.033744
v 0.157436 0.343470 0.035366
v 0.168564 0.317585 0.035914
v 0.174094 0.289958 0.035366
v 0.173814 0.261650 0.033744
v 0.167735 0.233750 0.031110
v 0.156091 0.207329 0.027564
v 0.139329 0.183402 0.023244
v 0.118092 0.162890 0.018316
v 0.093198 0.146580 0.012968
v 0.007807 0.415088 0.018316
v 0.035974 0.415295 0.028806
v 0.063639 0.410006 0.038474
v 0.089740 0.399422 0.046948
v 0.113272 0.383951 0.053902
v 0.133331 0.364187 0.059069
v 0.149148 0.340889 0.062252
v 0.160113 0.314954 0.063326
v 0.165805 0.287378 0.062252
v 0.166006 0.259220 0.059069
v 0.160709 0.231562 0.053902
v 0.150115 0.205468 0.046948
v 0.134633 0.181941 0.038474
v 0.114858 0.161883 0.028806
v 0.091550 0.146067 0.018316
v 0.005129 0.414254 0.023244
v 0.030722 0.413661 0.038474
v 0.056015 0.407632 0.052509
v 0.080036 0.396401 0.064811
v 0.101861 0.380399 0.074907
v 0.120653 0.360240 0.082410
v 0.135688 0.336700 0.087029
v 0.146389 0.310682 0.088589
v 0.152346 0.283188 0.087029
v 0.153328 0.255273 0.082410
v 0.149298 0.228010 0.074907
v 0.140411 0.202448 0.064811
v 0.127009 0.179567 0.052509
v 0.109607 0.160248 0.038474
v 0.088872 0.145233 0.023244
v 0.001526 0.413133 0.027564
v 0.023655 0.411461 0.046948
v 0.045755 0.404438 0.064811
v 0.066977 0.392336 0.080469
v 0.086505 0.375618 0.093319
v 0.103590 0.354928 0.102867
v 0.117574 0.331061 0.108747
v 0.127921 0.304933 0.110732
v 0.134232 0.277549 0.108747
v 0.136265 0.249962 0.102867
v 0.133942 0.223230 0.093319
v 0.127352 0.198383 0.080469
v 0.116749 0.176373 0.064811
v 0.102539 0.158048 0.046948
v 0.085269 0.144112 0.027564
v -0.002864 0.411766 0.031110
v 0.015043 0.408780 0.053902
v 0.033252 0.400546 0.074907
v 0.051064 0.387382 0.093319
v 0.067794 0.369794 0.108429
v 0.082799 0.348457 0.119656
v 0.095503 0.324190 0.126570
v 0.105417 0.297928 0.128905
v 0.112160 0.270679 0.126570
v 0.115474 0.243490 0.119656
v 0.115230 0.217406 0.108429
v 0.111439 0.193429 0.093319
v 0.104246 0.172481 0.074907
v 0.093927 0.155367 0.053902
v 0.080879 0.142745 0.031110
v -0.007873 0.410207 0.033744
v 0.005218 0.405721 0.059069
v 0.018988 0.396106 0.082410
v 0.032909 0.381731 0.102867
v 0.046446 0.363149 0.119656
v 0.059079 0.341073 0.132132
v 0.070321 0.316352 0.139814
v 0.079742 0.289936 0.142408
v 0.086979 0.262840 0.139814
v 0.091754 0.236106 0.132132
v 0.093883 0.210760 0.119656
v 0.093285 0.187778 0.102867
v 0.089982 0.168041 0.082410
v 0.084102 0.152309 0.059069
v 0.075870 0.141186 0.033744
v -0.013308 0.408515 0.035366
v -0.005444 0.402403 0.062252
v 0.003510 0.391288 0.087029
v 0.013210 0.375599 0.108747
v 0.023283 0.355938 0.126570
v 0.033341 0.333061 0.139814
v 0.042998 0.307846 0.147970
v 0.051884 0.281264 0.150724
v 0.059656 0.254335 0.147970
v 0.066016 0.228094 0.139814
v 0.070719 0.203550 0.126570
v 0.073586 0.181646 0.108747
v 0.074505 0.163223 0.087029
v 0.073441 0.148990 0.062252
v 0.070435 0.139494 0.035366
v -0.018960 0.406756 0.035914
v -0.016531 0.398951 0.063326
v -0.012585 0.386278 0.088589
v -0.007276 0.369222 0.110732
v -0.000807 0.348439 0.128905
v 0.006574 0.324729 0.142408
v 0.014583 0.299001 0.150724
v 0.022912 0.272245 0.153531
v 0.031240 0.245489 0.150724
v 0.039249 0.219762 0.142408
v 0.046630 0.196051 0.128905
v 0.053099 0.175268 0.110732
v 0.058409 0.158213 0.088589
v 0.062354 0.145539 0.063326
v 0.064783 0.137735 0.035914
v -0.024612 0.404996 0.035366
v -0.027618 0.395500 0.062252
v -0.028681 0.381267 0.087029
v -0.027762 0.362845 0.108747
v -0.024896 0.340941 0.126570
v -0.020193 0.316396 0.139814
v -0.013833 0.290156 0.147970
v -0.006060 0.263226 0.150724
v 0.002825 0.236644 0.147970
v 0.012482 0.211430 0.139814
v 0.022541 0.188552 0.126570
v 0.032613 0.168891 0.108747
v 0.042313 0.153202 0.087029
v 0.051267 0.142088 0.062252
v 0.059131 0.135975 0.035366
v -0.030047 0.403304 0.033744
v -0.038279 0.392181 0.059069
v -0.044159 0.376449 0.082409
v -0.047461 0.356713 0.102867
v -0.048060 0.333730 0.119656
v -0.045931 0.308384 0.132132
v -0.041156 0.281650 0.139814
v -0.033919 0.254554 0.142408
v -0.024498 0.228139 0.139814
v -0.013256 0.203418 0.132132
v -0.000623 0.181342 0.119656
v 0.012914 0.162759 0.102867
v 0.026835 0.148384 0.082409
v 0.040606 0.138769 0.059069
v 0.053696 0.134283 0.033744
v -0.035056 0.401745 0.031110
v -0.048104 0.389123 0.053902
v -0.058423 0.372009 0.074907
v -0.065616 0.351061 0.093319
v -0.069407 0.327085 0.108429
v -0.069651 0.301001 0.119656
v -0.066337 0.273812 0.126570
v -0.059594 0.246562 0.128905
v -0.049680 0.220300 0.126570
v -0.036976 0.196034 0.119656
v -0.021971 0.174696 0.108429
v -0.005241 0.157108 0.093319
v 0.012571 0.143944 0.074907
v 0.030780 0.135711 0.053902
v 0.048687 0.132724 0.031110
v -0.039446 0.400379 0.027564
v -0.056716 0.386442 0.046948
v -0.070925 0.368117 0.064811
v -0.081529 0.346108 0.080469
v -0.088119 0.321260 0.093319
v -0.090442 0.294529 0.102867
v -0.088409 0.266941 0.108747
v -0.082098 0.239557 0.110732
v -0.071751 0.213429 0.108747
v -0.057767 0.189562 0.102867
v -0.040682 0.168872 0.093319
v -0.021153 0.152154 0.080469
v 0.000069 0.140052 0.064811
v 0.022168 0.133030 0.046948
v 0.044297 0.131357 0.027564
v 0.065603 0.135099 0.007406
v -0.043049 0.399257 0.023244
v -0.063784 0.384242 0.038474
v -0.081186 0.364923 0.052509
v -0.094588 0.342043 0.064811
v -0.103475 0.316480 0.074907
v -0.107505 0.289217 0.082410
v -0.106522 0.261302 0.087029
v -0.100566 0.233808 0.088589
v -0.089865 0.207791 0.087029
v -0.074830 0.184250 0.082410
v -0.056038 0.164092 0.074907
v -0.034213 0.148089 0.064811
v -0.010192 0.136858 0.052509
v 0.015101 0.130830 0.038474
v 0.040694 0.130236 0.023244
v -0.045727 0.398424 0.018316
v -0.069035 0.382607 0.028806
v -0.088810 0.362550 0.038474
v -0.104292 0.339022 0.046948
v -0.114885 0.312928 0.053902
v -0.120183 0.285270 0.059069
v -0.119982 0.257112 0.062252
v -0.114290 0.229536 0.063326
v -0.103325 0.203601 0.062252
v -0.087508 0.180304 0.059069
v -0.067449 0.160540 0.053902
v -0.043917 0.145069 0.046948
v -0.017816 0.134485 0.038474
v 0.009849 0.129195 0.028806
v 0.038017 0.129402 0.018316
v -0.047375 0.397910 0.012968
v -0.072269 0.381600 0.018316
v -0.093505 0.361088 0.023244
v -0.110268 0.337162 0.027564
v -0.121912 0.310741 0.031110
v -0.127991 0.282840 0.033744
v -0.128271 0.254532 0.035366
v -0.122740 0.226905 0.035914
v -0.111613 0.201021 0.035366
v -0.095316 0.177873 0.033744
v -0.074475 0.158352 0.031110
v -0.049892 0.143208 0.027564
v -0.022511 0.133023 0.023244
v 0.006615 0.128188 0.018316
v 0.036368 0.128889 0.012968
v -0.047932 0.397737 0.007406
v -0.073361 0.381261 0.007406
v -0.095091 0.360595 0.007406
v -0.112285 0.336534 0.007406
v -0.124285 0.310002 0.007406
v -0.130627 0.282019 0.007406
v -0.131069 0.253661 0.007406
v -0.125594 0.226017 0.007406
v -0.114412 0.200150 0.007406
v -0.097952 0.177053 0.007406
v -0.076848 0.157614 0.007406
v -0.051910 0.142580 0.007406
v -0.024097 0.132530 0.007406
v 0.005523 0.127848 0.007406
v 0.035811 0.128716 0.007406
v -0.047375 0.397910 0.001845
v -0.072269 0.381600 -0.003503
v -0.093505 0.361088 -0.008432
v -0.110268 0.337162 -0.012751
v -0.121912 0.310741 -0.016297
v -0.127991 0.282840 -0.018931
v -0.128270 0.254532 -0.020553
v -0.122740 0.226905 -0.021101
v -0.111613 0.201021 -0.020553
v -0.095316 0.177873 -0.018931
v -0.074475 0.158352 -0.016297
v -0.049892 0.143208 -0.012751
v -0.022511 0.133023 -0.008432
v 0.006615 0.128188 -0.003503
v 0.036368 0.128889 0.001845
v -0.045727 0.398424 -0.003503
v -0.069035 0.382607 -0.013993
v -0.088810 0.362550 -0.023661
v -0.104292 0.339022 -0.032135
v -0.114885 0.312928 -0.039089
v -0.120183 0.285270 -0.044257
v -0.119982 0.257112 -0.047439
v -0.114289 0.229536 -0.048513
v -0.103324 0.203601 -0.047439
v -0.087508 0.180304 -0.044257
v -0.067449 0.160540 -0.039089
v -0.043917 0.145069 -0.032135
v -0.017816 0.134485 -0.023661
v 0.009849 0.129195 -0.013993
v 0.038017 0.129402 -0.003503
v -0.043049 0.399257 -0.008432
v -0.063783 0.384242 -0.023661
v -0.081186 0.364923 -0.037696
v -0.094588 0.342043 -0.049998
v -0.103475 0.316480 -0.060095
v -0.107504 0.289217 -0.067597
v -0.106522 0.261302 -0.072216
v -0.100566 0.233808 -0.073776
v -0.089865 0.207791 -0.072216
v -0.074830 0.184250 -0.067597
v -0.056038 0.164092 -0.060095
v -0.034213 0.148089 -0.049998
v -0.010192 0.136858 -0.037696
v 0.015101 0.130830 -0.023661
v 0.040694 0.130236 -0.008432
v -0.039446 0.400379 -0.012751
v -0.056716 0.386442 -0.032135
v -0.070925 0.368117 -0.049998
v -0.081529 0.346108 -0.065656
v -0.088119 0.321260 -0.078506
v -0.090442 0.294529 -0.088054
v -0.088409 0.266941 -0.093934
v -0.082098 0.239557 -0.095919
v -0.071751 0.213429 -0.093934
v -0.057767 0.189562 -0.088054
v -0.040682 0.168872 -0.078506
v -0.021153 0.152154 -0.065656
v 0.000069 0.140052 -0.049998
v 0.022168 0.133030 -0.032135
v 0.044297 0.131357 -0.012751
v -0.035056 0.401745 -0.016297
v -0.048104 0.389123 -0.039089
v -0.058423 0.372009 -0.060094
v -0.065616 0.351061 -0.078506
v -0.069407 0.327085 -0.093616
v -0.069651 0.301001 -0.104844
v -0.066337 0.273812 -0.111757
v -0.059594 0.246562 -0.114092
v -0.049679 0.220300 -0.111757
v -0.036976 0.196034 -0.104844
v -0.021971 0.174696 -0.093616
v -0.005241 0.157108 -0.078506
v 0.012571 0.143944 -0.060094
v 0.030780 0.135711 -0.039089
v 0.048687 0.132724 -0.016297
v -0.030047 0.403304 -0.018931
v -0.038279 0.392181 -0.044257
v -0.044159 0.376449 -0.067597
v -0.047461 0.356713 -0.088054
v -0.048060 0.333730 -0.104843
v -0.045931 0.308384 -0.117319
v -0.041156 0.281650 -0.125001
v -0.033919 0.254554 -0.127595
v -0.024498 0.228139 -0.125001
v -0.013256 0.203418 -0.117319
v -0.000623 0.181342 -0.104843
v 0.012914 0.162759 -0.088054
v 0.026835 0.148384 -0.067597
v 0.040606 0.138769 -0.044257
v 0.053696 0.134283 -0.018931
v -0.024612 0.404996 -0.020553
v -0.027618 0.395500 -0.047439
v -0.028681 0.381267 -0.072216
v -0.027762 0.362845 -0.093934
v -0.024896 0.340941 -0.111757
v -0.020193 0.316396 -0.125001
v -0.013832 0.290156 -0.133157
v -0.006060 0.263227 -0.135911
v 0.002825 0.236644 -0.133157
v 0.012482 0.211430 -0.125001
v 0.022541 0.188552 -0.111757
v 0.032613 0.168891 -0.093934
v 0.042313 0.153202 -0.072216
v 0.051267 0.142088 -0.047439
v 0.059131 0.135975 -0.020553
v -0.018960 0.406756 -0.021101
v -0.016531 0.398951 -0.048513
v -0.007276 0.369222 -0.095920
v 0.006574 0.324729 -0.127595
v 0.039249 0.219762 -0.127595
v 0.053099 0.175268 -0.095920
v 0.058409 0.158213 -0.073776
v 0.062354 0.145539 -0.048513
v 0.064783 0.137735 -0.021101
vn 0.1617 -0.2399 -0.9572
vn -0.2186 0.8449 -0.4882
vn 0.2083 -0.4097 -0.8881
vn -0.1710 0.7396 -0.6509
vn 0.2479 -0.5671 -0.7854
vn -0.1177 0.6077 -0.7854
vn 0.2790 -0.7060 -0.6509
vn -0.0610 0.4555 -0.8881
vn 0.2996 -0.8197 -0.4882
vn -0.0030 0.2893 -0.9572
vn 0.3083 -0.9018 -0.3028
vn 0.0545 0.1146 -0.9919
vn -0.2871 0.9524 -0.1026
vn 0.3041 -0.9471 -0.1026
vn 0.1099 -0.0634 -0.9919
vn -0.2581 0.9175 -0.3028
vn 0.3209 -0.9420 -0.0987
vn 0.2735 -0.0133 -0.9618
vn -0.2090 0.9335 -0.2914
vn 0.3198 -0.1930 -0.9276
vn -0.1395 0.8714 -0.4704
vn 0.3550 -0.3672 -0.8597
vn -0.0654 0.7753 -0.6282
vn 0.3776 -0.5301 -0.7592
vn 0.0100 0.6508 -0.7592
vn 0.3862 -0.6755 -0.6282
vn 0.0839 0.5038 -0.8597
vn 0.3797 -0.7966 -0.4704
vn 0.1538 0.3404 -0.9276
vn 0.3578 -0.8872 -0.2914
vn 0.2176 0.1662 -0.9618
vn -0.2705 0.9577 -0.0987
vn 0.4895 -0.6486 -0.5828
vn 0.2236 0.5534 -0.8024
vn 0.4563 -0.7762 -0.4351
vn 0.3060 0.3921 -0.8675
vn 0.4048 -0.8740 -0.2689
vn 0.3767 0.2173 -0.9005
vn -0.2548 0.9627 -0.0910
vn 0.3366 -0.9372 -0.0910
vn 0.4335 0.0349 -0.9005
vn -0.1628 0.9493 -0.2689
vn 0.4745 -0.1491 -0.8675
vn -0.0649 0.8980 -0.4351
vn 0.4982 -0.3287 -0.8024
vn 0.0348 0.8119 -0.5828
vn 0.5034 -0.4973 -0.7066
vn 0.1322 0.6952 -0.7066
vn -0.1212 0.9641 -0.2362
vn 0.6216 -0.1093 -0.7756
vn 0.0028 0.9236 -0.3833
vn 0.6336 -0.2948 -0.7153
vn 0.1266 0.8476 -0.5154
vn 0.6214 -0.4692 -0.6274
vn 0.2453 0.7390 -0.6274
vn 0.5853 -0.6260 -0.5154
vn 0.3544 0.6023 -0.7153
vn 0.5266 -0.7588 -0.3833
vn 0.4498 0.4428 -0.7756
vn 0.4474 -0.8626 -0.2362
vn 0.5279 0.2665 -0.8064
vn -0.2407 0.9673 -0.0798
vn 0.3509 -0.9330 -0.0798
vn 0.5859 0.0802 -0.8064
vn 0.4712 0.6481 -0.5983
vn 0.5876 -0.7448 -0.3162
vn 0.5797 0.4901 -0.6510
vn 0.4840 -0.8532 -0.1942
vn 0.6656 0.3119 -0.6780
vn -0.2287 0.9713 -0.0655
vn 0.3630 -0.9295 -0.0655
vn 0.7250 0.1210 -0.6780
vn -0.0857 0.9772 -0.1942
vn 0.7554 -0.0745 -0.6510
vn 0.0610 0.9467 -0.3162
vn 0.7558 -0.2662 -0.5983
vn 0.2064 0.8803 -0.4271
vn 0.7266 -0.4462 -0.5225
vn 0.3450 0.7797 -0.5225
vn 0.6696 -0.6076 -0.4271
vn 0.8681 -0.0462 -0.4943
vn 0.1072 0.9658 -0.2362
vn 0.8577 -0.2437 -0.4527
vn 0.2706 0.9078 -0.3203
vn 0.8132 -0.4286 -0.3936
vn 0.4263 0.8144 -0.3936
vn 0.7380 -0.5939 -0.3203
vn 0.5679 0.6874 -0.4527
vn 0.6364 -0.7343 -0.2362
vn 0.6885 0.5307 -0.4943
vn 0.5131 -0.8461 -0.1446
vn 0.7817 0.3505 -0.5158
vn -0.2193 0.9744 -0.0487
vn 0.3725 -0.9267 -0.0487
vn 0.8426 0.1551 -0.5158
vn -0.0578 0.9878 -0.1446
vn 0.6707 -0.7272 -0.1460
vn 0.7678 0.5609 -0.3097
vn 0.5332 -0.8413 -0.0892
vn 0.8669 0.3791 -0.3237
vn -0.2128 0.9766 -0.0300
vn 0.3791 -0.9249 -0.0300
vn 0.9289 0.1799 -0.3237
vn -0.0385 0.9953 -0.0892
vn 0.9505 -0.0260 -0.3097
vn 0.1394 0.9794 -0.1460
vn 0.9317 -0.2280 -0.2828
vn 0.3157 0.9278 -0.1987
vn 0.8754 -0.4167 -0.2450
vn 0.4843 0.8399 -0.2450
vn 0.7866 -0.5847 -0.1987
vn 0.6376 0.7165 -0.2828
vn 0.1559 0.9865 -0.0494
vn 0.9707 -0.2200 -0.0963
vn 0.3391 0.9383 -0.0673
vn 0.9080 -0.4106 -0.0832
vn 0.5145 0.8534 -0.0832
vn 0.8118 -0.5801 -0.0673
vn 0.6743 0.7321 -0.0963
vn 0.6883 -0.7237 -0.0494
vn 0.8098 0.5771 -0.1056
vn 0.5435 -0.8389 -0.0301
vn 0.9123 0.3944 -0.1104
vn -0.2095 0.9778 -0.0101
vn 0.3825 -0.9239 -0.0101
vn 0.9749 0.1931 -0.1104
vn -0.0286 0.9991 -0.0301
vn 0.9943 -0.0155 -0.1056
vn 0.8098 0.5771 0.1056
vn 0.5435 -0.8389 0.0301
vn 0.9123 0.3944 0.1104
vn -0.2095 0.9778 0.0101
vn 0.3825 -0.9239 0.0101
vn 0.9749 0.1931 0.1104
vn -0.0286 0.9991 0.0301
vn 0.9943 -0.0155 0.1056
vn 0.1559 0.9865 0.0494
vn 0.9707 -0.2200 0.0963
vn 0.3391 0.9383 0.0673
vn 0.9080 -0.4106 0.0832
vn 0.5145 0.8534 0.0832
vn 0.8118 -0.5801 0.0673
vn 0.6743 0.7321 0.0963
vn 0.6883 -0.7237 0.0494
vn 0.9317 -0.2280 0.2828
vn 0.3157 0.9278 0.1987
vn 0.8754 -0.4167 0.2450
vn 0.4843 0.8399 0.2450
vn 0.7866 -0.5847 0.1987
vn 0.6376 0.7165 0.2828
vn 0.6707 -0.7272 0.1460
vn 0.7678 0.5609 0.3097
vn 0.5332 -0.8413 0.0892
vn 0.8669 0.3791 0.3237
vn -0.2128 0.9766 0.0300
vn 0.3791 -0.9249 0.0300
vn 0.9289 0.1799 0.3237
vn -0.0385 0.9953 0.0892
vn 0.9505 -0.0260 0.3097
vn 0.1394 0.9794 0.1460
vn 0.5131 -0.8461 0.1446
vn 0.7817 0.3505 0.5158
vn -0.2193 0.9744 0.0487
vn 0.3725 -0.9267 0.0487
vn 0.8426 0.1551 0.5158
vn -0.0578 0.9878 0.1446
vn 0.8681 -0.0462 0.4943
vn 0.1072 0.9658 0.2362
vn 0.8577 -0.2437 0.4527
vn 0.2706 0.9078 0.3203
vn 0.8132 -0.4286 0.3936
vn 0.4263 0.8144 0.3936
vn 0.7380 -0.5939 0.3203
vn 0.5679 0.6874 0.4527
vn 0.6364 -0.7343 0.2362
vn 0.6885 0.5307 0.4943
vn 0.7266 -0.4462 0.5225
vn 0.3450 0.7797 0.5225
vn 0.6696 -0.6076 0.4271
vn 0.4712 0.6481 0.5983
vn 0.5876 -0.7448 0.3162
vn 0.5797 0.4901 0.6510
vn 0.4840 -0.8532 0.1942
vn 0.6656 0.3119 0.6780
vn -0.2287 0.9713 0.0655
vn 0.3630 -0.9295 0.0655
vn 0.7250 0.1210 0.6780
vn -0.0857 0.9772 0.1942
vn 0.7554 -0.0745 0.6510
vn 0.0610 0.9467 0.3162
vn 0.7558 -0.2662 0.5983
vn 0.2064 0.8803 0.4271
vn -0.2407 0.9673 0.0798
vn 0.3509 -0.9330 0.0798
vn 0.5859 0.0802 0.8064
vn -0.1212 0.9641 0.2362
vn 0.6216 -0.1093 0.7756
vn 0.0028 0.9236 0.3833
vn 0.6336 -0.2948 0.7153
vn 0.1266 0.8476 0.5154
vn 0.6214 -0.4692 0.6274
vn 0.2453 0.7390 0.6274
vn 0.5853 -0.6260 0.5154
vn 0.3544 0.6023 0.7153
vn 0.5266 -0.7588 0.3833
vn 0.4498 0.4428 0.7756
vn 0.4474 -0.8626 0.2362
vn 0.5279 0.2665 0.8064
vn 0.1322 0.6952 0.7066
vn 0.4895 -0.6486 0.5828
vn 0.2236 0.5534 0.8024
vn 0.4563 -0.7762 0.4351
vn 0.3060 0.3921 0.8675
vn 0.4048 -0.8740 0.2689
vn 0.3767 0.2173 0.9005
vn -0.2548 0.9627 0.0910
vn 0.3366 -0.9372 0.0910
vn 0.4335 0.0349 0.9005
vn -0.1628 0.9493 0.2689
vn 0.4745 -0.1491 0.8675
vn -0.0649 0.8980 0.4351
vn 0.4982 -0.3287 0.8024
vn 0.0348 0.8119 0.5828
vn 0.5034 -0.4973 0.7066
vn 0.2735 -0.0133 0.9618
vn -0.2090 0.9335 0.2914
vn 0.3198 -0.1930 0.9276
vn -0.1395 0.8714 0.4704
vn 0.3550 -0.3672 0.8597
vn -0.0654 0.7753 0.6282
vn 0.3776 -0.5301 0.7592
vn 0.0100 0.6508 0.7592
vn 0.3862 -0.6755 0.6282
vn 0.0839 0.5038 0.8597
vn 0.3797 -0.7966 0.4704
vn 0.1538 0.3404 0.9276
vn 0.3578 -0.8872 0.2914
vn 0.2176 0.1662 0.9618
vn -0.2705 0.9577 0.0987
vn 0.3209 -0.9420 0.0987
vn 0.2790 -0.7060 0.6509
vn -0.0610 0.4555 0.8881
vn 0.2996 -0.8197 0.4882
vn -0.0030 0.2893 0.9572
vn 0.3083 -0.9018 0.3028
vn 0.0545 0.1146 0.9919
vn -0.2871 0.9524 0.1026
vn 0.3042 -0.9471 0.1026
vn 0.1099 -0.0634 0.9919
vn -0.2581 0.9175 0.3028
vn 0.1617 -0.2399 0.9572
vn -0.2186 0.8449 0.4882
vn 0.2083 -0.4097 0.8881
vn -0.1710 0.7396 0.6509
vn 0.2479 -0.5671 0.7854
vn -0.1177 0.6077 0.7854
vn -0.3083 0.9018 0.3028
vn 0.0030 -0.2893 0.9572
vn -0.2996 0.8197 0.4882
vn 0.0610 -0.4555 0.8881
vn -0.2790 0.7060 0.6509
vn 0.1177 -0.6077 0.7854
vn -0.2479 0.5671 0.7854
vn 0.1710 -0.7396 0.6509
vn -0.2083 0.4097 0.8881
vn 0.2186 -0.8449 0.4882
vn -0.1617 0.2399 0.9572
vn 0.2581 -0.9175 0.3028
vn -0.1099 0.0634 0.9919
vn -0.3042 0.9471 0.1026
vn 0.2871 -0.9524 0.1026
vn -0.0545 -0.1146 0.9919
vn -0.3550 0.3672 0.8597
vn 0.1395 -0.8714 0.4704
vn -0.3198 0.1930 0.9276
vn 0.2090 -0.9335 0.2914
vn -0.2735 0.0133 0.9618
vn -0.3209 0.9420 0.0987
vn 0.2705 -0.9577 0.0987
vn -0.2176 -0.1662 0.9618
vn -0.3578 0.8872 0.2914
vn -0.1538 -0.3404 0.9276
vn -0.3797 0.7966 0.4704
vn -0.0839 -0.5038 0.8597
vn -0.3862 0.6755 0.6282
vn -0.0100 -0.6508 0.7592
vn -0.3776 0.5301 0.7592
vn 0.0654 -0.7753 0.6282
vn -0.3060 -0.3921 0.8675
vn -0.4563 0.7762 0.4351
vn -0.2236 -0.5534 0.8024
vn -0.4895 0.6486 0.5828
vn -0.1322 -0.6952 0.7066
vn -0.5034 0.4973 0.7066
vn -0.0348 -0.8119 0.5828
vn -0.4982 0.3287 0.8024
vn 0.0649 -0.8980 0.4351
vn -0.4745 0.1491 0.8675
vn 0.1628 -0.9493 0.2689
vn -0.4335 -0.0349 0.9005
vn -0.3366 0.9372 0.0910
vn 0.2548 -0.9627 0.0910
vn -0.3767 -0.2173 0.9005
vn -0.4048 0.8740 0.2689
vn -0.0028 -0.9236 0.3833
vn -0.6216 0.1093 0.7756
vn 0.1212 -0.9641 0.2362
vn -0.5859 -0.0802 0.8064
vn -0.3509 0.9330 0.0798
vn 0.2407 -0.9673 0.0798
vn -0.5279 -0.2665 0.8064
vn -0.4474 0.8626 0.2362
vn -0.4498 -0.4428 0.7756
vn -0.5266 0.7588 0.3833
vn -0.3544 -0.6023 0.7153
vn -0.5853 0.6260 0.5154
vn -0.2453 -0.7390 0.6274
vn -0.6214 0.4692 0.6274
vn -0.1266 -0.8476 0.5154
vn -0.6336 0.2948 0.7153
vn -0.4712 -0.6481 0.5983
vn -0.6696 0.6076 0.4271
vn -0.3450 -0.7797 0.5225
vn -0.7266 0.4462 0.5225
vn -0.2064 -0.8803 0.4271
vn -0.7558 0.2662 0.5983
vn -0.0610 -0.9467 0.3162
vn -0.7554 0.0745 0.6510
vn 0.0857 -0.9772 0.1942
vn -0.7250 -0.1210 0.6780
vn -0.3630 0.9295 0.0655
vn 0.2287 -0.9713 0.0655
vn -0.6656 -0.3119 0.6780
vn -0.4840 0.8532 0.1942
vn -0.5797 -0.4901 0.6510
vn -0.5876 0.7448 0.3162
vn 0.0578 -0.9878 0.1446
vn -0.8426 -0.1551 0.5158
vn -0.3725 0.9267 0.0487
vn 0.2193 -0.9744 0.0487
vn -0.7817 -0.3505 0.5158
vn -0.5131 0.8461 0.1446
vn -0.6885 -0.5307 0.4943
vn -0.6364 0.7343 0.2362
vn -0.5679 -0.6874 0.4527
vn -0.7380 0.5939 0.3203
vn -0.4263 -0.8144 0.3936
vn -0.8132 0.4286 0.3936
vn -0.2706 -0.9079 0.3203
vn -0.8577 0.2437 0.4527
vn -0.1072 -0.9658 0.2362
vn -0.8681 0.0462 0.4943
vn -0.7866 0.5847 0.1987
vn -0.4843 -0.8399 0.2450
vn -0.8754 0.4167 0.2450
vn -0.3157 -0.9278 0.1987
vn -0.9317 0.2280 0.2828
vn -0.1394 -0.9794 0.1460
vn -0.9505 0.0260 0.3097
vn 0.0385 -0.9953 0.0892
vn -0.9289 -0.1799 0.3237
vn -0.3791 0.9249 0.0300
vn 0.2128 -0.9766 0.0300
vn -0.8669 -0.3791 0.3237
vn -0.5332 0.8413 0.0892
vn -0.7678 -0.5609 0.3097
vn -0.6707 0.7272 0.1460
vn -0.6376 -0.7165 0.2828
vn -0.9749 -0.1931 0.1104
vn -0.3825 0.9239 0.0101
vn 0.2095 -0.9778 0.0101
vn -0.9123 -0.3944 0.1104
vn -0.5435 0.8389 0.0301
vn -0.8098 -0.5771 0.1056
vn -0.6883 0.7237 0.0494
vn -0.6743 -0.7321 0.0963
vn -0.8118 0.5801 0.0673
vn -0.5145 -0.8534 0.0832
vn -0.9080 0.4106 0.0832
vn -0.3391 -0.9383 0.0673
vn -0.9707 0.2200 0.0963
vn -0.1559 -0.9865 0.0494
vn -0.9943 0.0155 0.1056
vn 0.0286 -0.9991 0.0301
vn -0.5145 -0.8534 -0.0832
vn -0.9080 0.4106 -0.0832
vn -0.3391 -0.9383 -0.0673
vn -0.9707 0.2200 -0.0963
vn -0.1559 -0.9865 -0.0494
vn -0.9943 0.0155 -0.1056
vn 0.0286 -0.9991 -0.0301
vn -0.9749 -0.1931 -0.1104
vn -0.3825 0.9239 -0.0101
vn 0.2095 -0.9778 -0.0101
vn -0.9123 -0.3944 -0.1104
vn -0.5435 0.8389 -0.0301
vn -0.8098 -0.5771 -0.1056
vn -0.6883 0.7237 -0.0494
vn -0.6743 -0.7321 -0.0963
vn -0.8118 0.5801 -0.0673
vn -0.3791 0.9249 -0.0300
vn 0.2128 -0.9766 -0.0300
vn -0.8669 -0.3791 -0.3237
vn -0.5332 0.8413 -0.0892
vn -0.7678 -0.5609 -0.3097
vn -0.6707 0.7272 -0.1460
vn -0.6376 -0.7165 -0.2828
vn -0.7866 0.5847 -0.1987
vn -0.4843 -0.8399 -0.2450
vn -0.8754 0.4167 -0.2450
vn -0.3157 -0.9278 -0.1987
vn -0.9317 0.2280 -0.2828
vn -0.1394 -0.9794 -0.1460
vn -0.9505 0.0260 -0.3097
vn 0.0385 -0.9953 -0.0892
vn -0.9289 -0.1799 -0.3237
vn -0.8132 0.4286 -0.3936
vn -0.2706 -0.9078 -0.3203
vn -0.8577 0.2437 -0.4527
vn -0.1072 -0.9658 -0.2362
vn -0.8681 0.0462 -0.4943
vn 0.0578 -0.9878 -0.1446
vn -0.8425 -0.1551 -0.5158
vn -0.3725 0.9267 -0.0487
vn 0.2193 -0.9744 -0.0487
vn -0.7817 -0.3505 -0.5158
vn -0.5131 0.8461 -0.1446
vn -0.6885 -0.5307 -0.4943
vn -0.6364 0.7343 -0.2362
vn -0.5679 -0.6874 -0.4527
vn -0.7380 0.5939 -0.3203
vn -0.4263 -0.8144 -0.3936
vn -0.6656 -0.3119 -0.6780
vn -0.4840 0.8532 -0.1942
vn -0.5797 -0.4901 -0.6510
vn -0.5876 0.7448 -0.3162
vn -0.4712 -0.6481 -0.5983
vn -0.6696 0.6076 -0.4271
vn -0.3450 -0.7797 -0.5225
vn -0.7266 0.4462 -0.5225
vn -0.2064 -0.8803 -0.4271
vn -0.7558 0.2662 -0.5983
vn -0.0610 -0.9467 -0.3162
vn -0.7554 0.0745 -0.6510
vn 0.0857 -0.9772 -0.1942
vn -0.7250 -0.1210 -0.6780
vn -0.3630 0.9295 -0.0655
vn 0.2287 -0.9713 -0.0655
vn -0.1266 -0.8476 -0.5154
vn -0.6336 0.2948 -0.7153
vn -0.0028 -0.9236 -0.3833
vn -0.6216 0.1093 -0.7756
vn 0.1212 -0.9641 -0.2362
vn -0.5859 -0.0802 -0.8064
vn -0.3509 0.9330 -0.0798
vn 0.2407 -0.9673 -0.0798
vn -0.5279 -0.2665 -0.8064
vn -0.4474 0.8626 -0.2362
vn -0.4498 -0.4428 -0.7756
vn -0.5266 0.7588 -0.3833
vn -0.3544 -0.6023 -0.7153
vn -0.5853 0.6260 -0.5154
vn -0.2453 -0.7390 -0.6274
vn -0.6214 0.4692 -0.6274
vn -0.3060 -0.3921 -0.8675
vn -0.4563 0.7762 -0.4351
vn -0.2236 -0.5534 -0.8024
vn -0.4895 0.6486 -0.5828
vn -0.1322 -0.6952 -0.7066
vn -0.5034 0.4973 -0.7066
vn -0.0348 -0.8119 -0.5828
vn -0.4982 0.3287 -0.8024
vn 0.0649 -0.8980 -0.4351
vn -0.4745 0.1491 -0.8675
vn 0.1628 -0.9493 -0.2689
vn -0.4335 -0.0349 -0.9005
vn -0.3366 0.9372 -0.0910
vn 0.2548 -0.9627 -0.0910
vn -0.3767 -0.2173 -0.9005
vn -0.4048 0.8740 -0.2689
vn 0.1395 -0.8714 -0.4704
vn -0.3198 0.1930 -0.9276
vn 0.2090 -0.9335 -0.2914
vn -0.2735 0.0133 -0.9618
vn -0.3209 0.9420 -0.0987
vn 0.2705 -0.9577 -0.0987
vn -0.2176 -0.1662 -0.9618
vn -0.3578 0.8872 -0.2914
vn -0.1538 -0.3404 -0.9276
vn -0.3797 0.7966 -0.4704
vn -0.0839 -0.5038 -0.8597
vn -0.3862 0.6755 -0.6282
vn -0.0100 -0.6508 -0.7592
vn -0.3776 0.5301 -0.7592
vn 0.0654 -0.7753 -0.6282
vn -0.3550 0.3672 -0.8597
vn -0.2996 0.8197 -0.4882
vn 0.0610 -0.4555 -0.8881
vn -0.2790 0.7060 -0.6509
vn 0.1177 -0.6077 -0.7854
vn -0.2480 0.5671 -0.7854
vn 0.1710 -0.7396 -0.6509
vn -0.2083 0.4097 -0.8881
vn 0.2186 -0.8449 -0.4882
vn -0.1617 0.2399 -0.9572
vn 0.2581 -0.9175 -0.3028
vn -0.1099 0.0634 -0.9919
vn -0.3042 0.9471 -0.1026
vn 0.2871 -0.9524 -0.1026
vn -0.0545 -0.1146 -0.9919
vn -0.3083 0.9018 -0.3028
vn 0.0030 -0.2893 -0.9572
vn 0.1020 0.0317 -0.9943
vn 0.2999 0.0934 -0.9494
vn 0.4809 0.1497 -0.8639
vn 0.6368 0.1982 -0.7451
vn 0.7629 0.2375 -0.6013
vn 0.8574 0.2669 -0.4401
vn 0.9199 0.2864 -0.2680
vn 0.9509 0.2960 -0.0899
vn 0.9509 0.2960 0.0899
vn 0.9199 0.2864 0.2680
vn 0.8574 0.2669 0.4401
vn 0.7629 0.2375 0.6013
vn 0.6368 0.1982 0.7451
vn 0.4809 0.1497 0.8639
vn 0.2999 0.0934 0.9494
vn 0.1020 0.0317 0.9943
vn -0.1020 -0.0317 0.9943
vn -0.2999 -0.0934 0.9494
vn -0.4809 -0.1497 0.8639
vn -0.6368 -0.1982 0.7451
vn -0.7629 -0.2375 0.6013
vn -0.8574 -0.2669 0.4401
vn -0.9199 -0.2864 0.2680
vn -0.9509 -0.2960 0.0899
vn -0.9509 -0.2960 -0.0899
vn -0.9199 -0.2864 -0.2680
vn -0.8574 -0.2669 -0.4401
vn -0.7629 -0.2375 -0.6013
vn -0.6368 -0.1982 -0.7451
vn -0.4809 -0.1497 -0.8639
vn -0.2972 0.9548 -0.0000
vn -0.2999 -0.0934 -0.9494
vn -0.1020 -0.0317 -0.9943
vn 0.2972 -0.9548 -0.0000
vn 0.0973 0.0303 -0.9948
vn 0.2874 0.0895 -0.9536
vn 0.4641 0.1445 -0.8739
vn 0.6200 0.1930 -0.7605
vn 0.7497 0.2334 -0.6193
vn 0.8493 0.2644 -0.4569
vn 0.9167 0.2853 -0.2799
vn 0.9506 0.2959 -0.0942
vn 0.9506 0.2959 0.0942
vn 0.9167 0.2853 0.2799
vn 0.8493 0.2644 0.4569
vn 0.7497 0.2334 0.6193
vn 0.6200 0.1930 0.7605
vn 0.4641 0.1445 0.8739
vn 0.2874 0.0895 0.9536
vn 0.0973 0.0303 0.9948
vn -0.0973 -0.0303 0.9948
vn -0.2874 -0.0895 0.9536
vn -0.4641 -0.1445 0.8739
vn -0.6200 -0.1930 0.7605
vn -0.7497 -0.2334 0.6193
vn -0.8493 -0.2644 0.4569
vn -0.9167 -0.2853 0.2799
vn -0.9506 -0.2959 0.0942
vn -0.9506 -0.2959 -0.0942
vn -0.9167 -0.2853 -0.2799
vn -0.8493 -0.2644 -0.4569
vn -0.7497 -0.2334 -0.6193
vn -0.6200 -0.1930 -0.7605
vn -0.4641 -0.1445 -0.8739
vn -0.2874 -0.0895 -0.9536
vn -0.0973 -0.0303 -0.9948
vn 0.0025 0.0903 -0.9959
vn 0.0074 0.2689 -0.9631
vn 0.0122 0.4414 -0.8972
vn 0.0166 0.6026 -0.7979
vn 0.0206 0.7462 -0.6654
vn 0.0239 0.8645 -0.5021
vn 0.0262 0.9494 -0.3129
vn 0.0275 0.9939 -0.1064
vn 0.0275 0.9939 0.1064
vn 0.0262 0.9494 0.3129
vn 0.0239 0.8645 0.5021
vn 0.0206 0.7462 0.6654
vn 0.0166 0.6026 0.7979
vn 0.0122 0.4414 0.8972
vn 0.0074 0.2689 0.9631
vn 0.0025 0.0903 0.9959
vn -0.0025 -0.0903 0.9959
vn -0.0074 -0.2689 0.9631
vn -0.0122 -0.4414 0.8972
vn -0.0166 -0.6026 0.7979
vn -0.0206 -0.7462 0.6654
vn -0.0239 -0.8645 0.5021
vn -0.0262 -0.9494 0.3129
vn -0.0275 -0.9939 0.1064
vn -0.0275 -0.9939 -0.1064
vn -0.0262 -0.9494 -0.3129
vn -0.0239 -0.8645 -0.5021
vn -0.0206 -0.7462 -0.6654
vn -0.0166 -0.6026 -0.7979
vn -0.0122 -0.4414 -0.8972
vn -0.9996 0.0276 -0.0000
vn -0.0074 -0.2689 -0.9631
vn -0.0025 -0.0903 -0.9959
vn 0.9996 -0.0276 -0.0000
vn 0.0028 0.1011 -0.9949
vn 0.0083 0.2988 -0.9543
vn 0.0133 0.4830 -0.8755
vn 0.0179 0.6462 -0.7629
vn 0.0216 0.7825 -0.6222
vn 0.0245 0.8877 -0.4597
vn 0.0265 0.9591 -0.2819
vn 0.0275 0.9951 -0.0950
vn 0.0275 0.9951 0.0950
vn 0.0265 0.9591 0.2819
vn 0.0245 0.8877 0.4597
vn 0.0216 0.7825 0.6222
vn 0.0179 0.6462 0.7629
vn 0.0133 0.4830 0.8755
vn 0.0083 0.2988 0.9543
vn 0.0028 0.1011 0.9949
vn -0.0028 -0.1011 0.9949
vn -0.0083 -0.2988 0.9543
vn -0.0133 -0.4830 0.8755
vn -0.0179 -0.6462 0.7629
vn -0.0216 -0.7825 0.6222
vn -0.0245 -0.8877 0.4597
vn -0.0265 -0.9591 0.2819
vn -0.0275 -0.9951 0.0950
vn -0.0275 -0.9951 -0.0950
vn -0.0265 -0.9591 -0.2819
vn -0.0245 -0.8877 -0.4597
vn -0.0216 -0.7826 -0.6222
vn -0.0179 -0.6462 -0.7629
vn -0.0133 -0.4830 -0.8755
vn -0.0083 -0.2988 -0.9543
vn -0.0028 -0.1011 -0.9949
vn 0.1714 -0.2543 -0.9518
vn -0.2218 0.8572 -0.4647
vn 0.2189 -0.4305 -0.8756
vn -0.1756 0.7591 -0.6268
vn 0.2577 -0.5893 -0.7657
vn -0.1224 0.6314 -0.7657
vn 0.2863 -0.7247 -0.6268
vn -0.0642 0.4787 -0.8756
vn 0.3039 -0.8317 -0.4647
vn -0.0032 0.3066 -0.9518
vn 0.3100 -0.9068 -0.2856
vn 0.0580 0.1220 -0.9908
vn -0.2873 0.9530 -0.0964
vn 0.3043 -0.9477 -0.0964
vn 0.1170 -0.0675 -0.9908
vn -0.2595 0.9225 -0.2856
vn 0.3211 -0.9425 -0.0927
vn 0.2900 -0.0141 -0.9569
vn -0.2101 0.9383 -0.2748
vn 0.3377 -0.2038 -0.9189
vn -0.1414 0.8832 -0.4473
vn 0.3719 -0.3846 -0.8448
vn -0.0670 0.7943 -0.6038
vn 0.3914 -0.5494 -0.7382
vn 0.0104 0.6745 -0.7382
vn 0.3956 -0.6920 -0.6038
vn 0.0879 0.5277 -0.8448
vn 0.3848 -0.8074 -0.4473
vn 0.1624 0.3594 -0.9189
vn 0.3596 -0.8917 -0.2748
vn 0.2308 0.1763 -0.9569
vn -0.2706 0.9582 -0.0927
vn 0.4998 -0.6623 -0.5582
vn 0.2328 0.5760 -0.7836
vn 0.4616 -0.7851 -0.4129
vn 0.3208 0.4111 -0.8533
vn 0.4065 -0.8778 -0.2534
vn 0.3964 0.2287 -0.8891
vn -0.2549 0.9632 -0.0854
vn 0.3368 -0.9377 -0.0854
vn 0.4562 0.0367 -0.8891
vn -0.1635 0.9534 -0.2534
vn 0.4975 -0.1564 -0.8533
vn -0.0656 0.9084 -0.4129
vn 0.5186 -0.3421 -0.7836
vn 0.0356 0.8289 -0.5582
vn 0.5192 -0.5129 -0.6836
vn 0.1364 0.7170 -0.6836
vn -0.1216 0.9674 -0.2223
vn 0.6453 -0.1134 -0.7554
vn 0.0029 0.9319 -0.3628
vn 0.6540 -0.3042 -0.6926
vn 0.1287 0.8614 -0.4914
vn 0.6366 -0.4807 -0.6030
vn 0.2513 0.7571 -0.6030
vn 0.5948 -0.6362 -0.4914
vn 0.3658 0.6217 -0.6926
vn 0.5313 -0.7656 -0.3628
vn 0.4669 0.4597 -0.7554
vn 0.4489 -0.8655 -0.2223
vn 0.5498 0.2776 -0.7878
vn -0.2408 0.9677 -0.0749
vn 0.3510 -0.9334 -0.0749
vn 0.6102 0.0835 -0.7878
vn 0.4816 0.6625 -0.5737
vn 0.5911 -0.7493 -0.2985
vn 0.5950 0.5030 -0.6269
vn 0.4851 -0.8552 -0.1826
vn 0.6847 0.3209 -0.6544
vn -0.2288 0.9715 -0.0614
vn 0.3631 -0.9297 -0.0614
vn 0.7459 0.1244 -0.6544
vn -0.0859 0.9794 -0.1826
vn 0.7754 -0.0765 -0.6269
vn 0.0614 0.9524 -0.2985
vn 0.7726 -0.2721 -0.5737
vn 0.2087 0.8901 -0.4052
vn 0.7388 -0.4537 -0.4984
vn 0.3508 0.7928 -0.4984
vn 0.6770 -0.6144 -0.4052
vn 0.8811 -0.0469 -0.4707
vn 0.1076 0.9690 -0.2223
vn 0.8684 -0.2467 -0.4300
vn 0.2723 0.9135 -0.3024
vn 0.8209 -0.4326 -0.3728
vn 0.4303 0.8221 -0.3728
vn 0.7426 -0.5976 -0.3024
vn 0.5750 0.6960 -0.4300
vn 0.6386 -0.7367 -0.2223
vn 0.6988 0.5387 -0.4707
vn 0.5137 -0.8471 -0.1358
vn 0.7945 0.3563 -0.4918
vn -0.2193 0.9746 -0.0457
vn 0.3726 -0.9269 -0.0457
vn 0.8563 0.1576 -0.4918
vn -0.0579 0.9890 -0.1358
vn 0.6715 -0.7282 -0.1371
vn 0.7722 0.5642 -0.2922
vn 0.5335 -0.8417 -0.0837
vn 0.8724 0.3815 -0.3056
vn -0.2128 0.9767 -0.0281
vn 0.3791 -0.9249 -0.0281
vn 0.9348 0.1811 -0.3056
vn -0.0385 0.9957 -0.0837
vn 0.9560 -0.0262 -0.2922
vn 0.1396 0.9807 -0.1371
vn 0.9362 -0.2291 -0.2666
vn 0.3165 0.9300 -0.1868
vn 0.8786 -0.4182 -0.2307
vn 0.4860 0.8429 -0.2307
vn 0.7884 -0.5861 -0.1868
vn 0.6407 0.7200 -0.2666
vn 0.1559 0.9867 -0.0464
vn 0.9713 -0.2201 -0.0904
vn 0.3392 0.9386 -0.0632
vn 0.9084 -0.4108 -0.0781
vn 0.5147 0.8538 -0.0781
vn 0.8120 -0.5803 -0.0632
vn 0.6747 0.7325 -0.0904
vn 0.6884 -0.7238 -0.0464
vn 0.8104 0.5775 -0.0991
vn 0.5436 -0.8389 -0.0283
vn 0.9130 0.3947 -0.1037
vn -0.2095 0.9778 -0.0095
vn 0.3825 -0.9239 -0.0095
vn 0.9757 0.1932 -0.1037
vn -0.0286 0.9992 -0.0283
vn 0.9950 -0.0155 -0.0991
vn 0.8104 0.5775 0.0991
vn 0.5436 -0.8389 0.0283
vn 0.9130 0.3947 0.1037
vn -0.2095 0.9778 0.0095
vn 0.3825 -0.9239 0.0095
vn 0.9757 0.1932 0.1037
vn -0.0286 0.9992 0.0283
vn 0.9950 -0.0155 0.0991
vn 0.1559 0.9867 0.0464
vn 0.9713 -0.2201 0.0904
vn 0.3392 0.9386 0.0632
vn 0.9084 -0.4108 0.0781
vn 0.5147 0.8538 0.0781
vn 0.8120 -0.5803 0.0632
vn 0.6747 0.7325 0.0904
vn 0.6884 -0.7238 0.0464
vn 0.9362 -0.2291 0.2666
vn 0.3165 0.9300 0.1868
vn 0.8786 -0.4182 0.2307
vn 0.4860 0.8429 0.2307
vn 0.7884 -0.5861 0.1868
vn 0.6407 0.7200 0.2666
vn 0.6715 -0.7282 0.1371
vn 0.7722 0.5642 0.2922
vn 0.5335 -0.8417 0.0837
vn 0.8724 0.3815 0.3056
vn -0.2128 0.9767 0.0281
vn 0.3791 -0.9249 0.0281
vn 0.9348 0.1811 0.3056
vn -0.0385 0.9957 0.0837
vn 0.9560 -0.0262 0.2922
vn 0.1396 0.9807 0.1371
vn 0.5137 -0.8471 0.1358
vn 0.7945 0.3563 0.4918
vn -0.2193 0.9746 0.0457
vn 0.3726 -0.9269 0.0457
vn 0.8563 0.1576 0.4918
vn -0.0579 0.9890 0.1358
vn 0.8811 -0.0469 0.4707
vn 0.1076 0.9690 0.2223
vn 0.8684 -0.2467 0.4300
vn 0.2723 0.9135 0.3024
vn 0.8209 -0.4326 0.3728
vn 0.4303 0.8221 0.3728
vn 0.7426 -0.5976 0.3024
vn 0.5750 0.6960 0.4300
vn 0.6386 -0.7367 0.2223
vn 0.6988 0.5387 0.4707
vn 0.7388 -0.4537 0.4984
vn 0.3508 0.7928 0.4984
vn 0.6770 -0.6144 0.4052
vn 0.4816 0.6625 0.5737
vn 0.5911 -0.7493 0.2985
vn 0.5950 0.5030 0.6269
vn 0.4851 -0.8552 0.1826
vn 0.6847 0.3209 0.6544
vn -0.2288 0.9715 0.0614
vn 0.3631 -0.9297 0.0614
vn 0.7458 0.1245 0.6544
vn -0.0859 0.9794 0.1826
vn 0.7754 -0.0765 0.6269
vn 0.0614 0.9524 0.2985
vn 0.7726 -0.2721 0.5737
vn 0.2087 0.8901 0.4052
vn -0.2408 0.9677 0.0749
vn 0.3510 -0.9334 0.0749
vn 0.6102 0.0835 0.7878
vn -0.1216 0.9674 0.2223
vn 0.6453 -0.1134 0.7554
vn 0.0029 0.9319 0.3628
vn 0.6540 -0.3042 0.6926
vn 0.1287 0.8614 0.4914
vn 0.6366 -0.4807 0.6030
vn 0.2513 0.7571 0.6030
vn 0.5948 -0.6362 0.4914
vn 0.3658 0.6217 0.6926
vn 0.5313 -0.7656 0.3628
vn 0.4669 0.4597 0.7554
vn 0.4489 -0.8655 0.2223
vn 0.5498 0.2776 0.7878
vn 0.1364 0.7170 0.6836
vn 0.4998 -0.6623 0.5582
vn 0.2328 0.5760 0.7836
vn 0.4616 -0.7851 0.4129
vn 0.3208 0.4111 0.8533
vn 0.4065 -0.8778 0.2534
vn 0.3964 0.2287 0.8891
vn -0.2549 0.9632 0.0854
vn 0.3368 -0.9377 0.0854
vn 0.4562 0.0367 0.8891
vn -0.1635 0.9534 0.2534
vn 0.4975 -0.1564 0.8533
vn -0.0656 0.9084 0.4129
vn 0.5186 -0.3421 0.7836
vn 0.0356 0.8289 0.5582
vn 0.5192 -0.5129 0.6836
vn 0.2900 -0.0141 0.9569
vn -0.2101 0.9383 0.2748
vn 0.3377 -0.2037 0.9189
vn -0.1414 0.8832 0.4473
vn 0.3719 -0.3846 0.8448
vn -0.0670 0.7943 0.6038
vn 0.3914 -0.5494 0.7382
vn 0.0104 0.6745 0.7382
vn 0.3956 -0.6920 0.6038
vn 0.0879 0.5277 0.8448
vn 0.3848 -0.8074 0.4473
vn 0.1624 0.3594 0.9189
vn 0.3596 -0.8917 0.2748
vn 0.2308 0.1763 0.9569
vn -0.2706 0.9582 0.0927
vn 0.3211 -0.9425 0.0927
vn 0.2863 -0.7247 0.6268
vn -0.0642 0.4787 0.8756
vn 0.3039 -0.8317 0.4647
vn -0.0032 0.3066 0.9518
vn 0.3100 -0.9068 0.2856
vn 0.0580 0.1220 0.9908
vn -0.2873 0.9530 0.0964
vn 0.3043 -0.9477 0.0964
vn 0.1170 -0.0675 0.9908
vn -0.2595 0.9225 0.2856
vn 0.1714 -0.2543 0.9518
vn -0.2218 0.8572 0.4647
vn 0.2189 -0.4305 0.8756
vn -0.1756 0.7591 0.6268
vn 0.2577 -0.5893 0.7657
vn -0.1224 0.6314 0.7657
vn -0.3100 0.9068 0.2856
vn 0.0032 -0.3066 0.9518
vn -0.3039 0.8317 0.4647
vn 0.0642 -0.4787 0.8756
vn -0.2863 0.7247 0.6268
vn 0.1224 -0.6314 0.7657
vn -0.2577 0.5893 0.7657
vn 0.1756 -0.7591 0.6268
vn -0.2189 0.4305 0.8756
vn 0.2218 -0.8572 0.4647
vn -0.1714 0.2543 0.9518
vn 0.2595 -0.9225 0.2856
vn -0.1170 0.0675 0.9908
vn -0.3043 0.9477 0.0964
vn 0.2873 -0.9530 0.0964
vn -0.0580 -0.1220 0.9908
vn -0.3719 0.3846 0.8448
vn 0.1414 -0.8832 0.4473
vn -0.3377 0.2037 0.9189
vn 0.2101 -0.9383 0.2748
vn -0.2900 0.0141 0.9569
vn -0.3211 0.9425 0.0927
vn 0.2706 -0.9582 0.0927
vn -0.2308 -0.1763 0.9569
vn -0.3596 0.8917 0.2748
vn -0.1624 -0.3594 0.9189
vn -0.3848 0.8074 0.4473
vn -0.0879 -0.5277 0.8448
vn -0.3956 0.6920 0.6038
vn -0.0104 -0.6745 0.7382
vn -0.3914 0.5494 0.7382
vn 0.0670 -0.7943 0.6038
vn -0.3208 -0.4111 0.8533
vn -0.4616 0.7851 0.4129
vn -0.2328 -0.5760 0.7836
vn -0.4998 0.6623 0.5582
vn -0.1364 -0.7170 0.6836
vn -0.5192 0.5129 0.6836
vn -0.0356 -0.8289 0.5582
vn -0.5186 0.3421 0.7836
vn 0.0656 -0.9084 0.4129
vn -0.4975 0.1564 0.8533
vn 0.1635 -0.9534 0.2534
vn -0.4562 -0.0367 0.8891
vn -0.3368 0.9377 0.0854
vn 0.2549 -0.9632 0.0854
vn -0.3964 -0.2287 0.8891
vn -0.4065 0.8778 0.2534
vn -0.0029 -0.9319 0.3628
vn -0.6453 0.1134 0.7554
vn 0.1216 -0.9674 0.2223
vn -0.6102 -0.0835 0.7878
vn -0.3510 0.9334 0.0749
vn 0.2408 -0.9677 0.0749
vn -0.5498 -0.2776 0.7878
vn -0.4489 0.8655 0.2223
vn -0.4669 -0.4597 0.7554
vn -0.5313 0.7656 0.3628
vn -0.3658 -0.6217 0.6926
vn -0.5948 0.6362 0.4914
vn -0.2513 -0.7571 0.6030
vn -0.6366 0.4807 0.6030
vn -0.1287 -0.8614 0.4914
vn -0.6540 0.3042 0.6926
vn -0.4816 -0.6625 0.5737
vn -0.6770 0.6144 0.4052
vn -0.3508 -0.7928 0.4984
vn -0.7388 0.4537 0.4984
vn -0.2087 -0.8901 0.4052
vn -0.7726 0.2721 0.5737
vn -0.0614 -0.9524 0.2985
vn -0.7754 0.0765 0.6269
vn 0.0859 -0.9794 0.1826
vn -0.7458 -0.1245 0.6544
vn -0.3631 0.9297 0.0614
vn 0.2288 -0.9715 0.0614
vn -0.6847 -0.3209 0.6544
vn -0.4851 0.8552 0.1826
vn -0.5950 -0.5030 0.6269
vn -0.5911 0.7493 0.2985
vn 0.0579 -0.9890 0.1358
vn -0.8563 -0.1576 0.4918
vn -0.3726 0.9269 0.0457
vn 0.2193 -0.9746 0.0457
vn -0.7945 -0.3563 0.4918
vn -0.5137 0.8471 0.1358
vn -0.6988 -0.5387 0.4707
vn -0.6386 0.7367 0.2223
vn -0.5750 -0.6960 0.4300
vn -0.7426 0.5976 0.3024
vn -0.4303 -0.8221 0.3728
vn -0.8209 0.4326 0.3728
vn -0.2723 -0.9135 0.3024
vn -0.8684 0.2467 0.4300
vn -0.1076 -0.9690 0.2223
vn -0.8811 0.0469 0.4707
vn -0.7884 0.5861 0.1868
vn -0.4860 -0.8429 0.2307
vn -0.8786 0.4182 0.2307
vn -0.3165 -0.9300 0.1868
vn -0.9362 0.2291 0.2666
vn -0.1396 -0.9807 0.1371
vn -0.9560 0.0262 0.2922
vn 0.0385 -0.9957 0.0837
vn -0.9348 -0.1811 0.3056
vn -0.3791 0.9249 0.0281
vn 0.2128 -0.9767 0.0281
vn -0.8724 -0.3815 0.3056
vn -0.5335 0.8417 0.0837
vn -0.7722 -0.5642 0.2922
vn -0.6715 0.7282 0.1371
vn -0.6407 -0.7200 0.2666
vn -0.9757 -0.1932 0.1037
vn -0.3825 0.9239 0.0095
vn 0.2095 -0.9778 0.0095
vn -0.9130 -0.3947 0.1037
vn -0.5436 0.8389 0.0283
vn -0.8104 -0.5775 0.0991
vn -0.6884 0.7238 0.0464
vn -0.6747 -0.7325 0.0904
vn -0.8120 0.5803 0.0632
vn -0.5147 -0.8538 0.0781
vn -0.9084 0.4108 0.0781
vn -0.3392 -0.9386 0.0632
vn -0.9713 0.2201 0.0904
vn -0.1559 -0.9867 0.0464
vn -0.9950 0.0155 0.0991
vn 0.0286 -0.9992 0.0283
vn -0.5147 -0.8538 -0.0781
vn -0.9084 0.4108 -0.0781
vn -0.3392 -0.9386 -0.0632
vn -0.9713 0.2201 -0.0904
vn -0.1559 -0.9867 -0.0464
vn -0.9950 0.0155 -0.0991
vn 0.0286 -0.9992 -0.0283
vn -0.9757 -0.1932 -0.1037
vn -0.3825 0.9239 -0.0095
vn 0.2095 -0.9778 -0.0095
vn -0.9130 -0.3947 -0.1037
vn -0.5436 0.8389 -0.0283
vn -0.8104 -0.5775 -0.0991
vn -0.6884 0.7238 -0.0464
vn -0.6747 -0.7325 -0.0904
vn -0.8120 0.5803 -0.0632
vn -0.3791 0.9249 -0.0281
vn 0.2128 -0.9767 -0.0281
vn -0.8724 -0.3815 -0.3056
vn -0.5335 0.8417 -0.0837
vn -0.7722 -0.5642 -0.2922
vn -0.6715 0.7282 -0.1371
vn -0.6407 -0.7200 -0.2666
vn -0.7884 0.5861 -0.1868
vn -0.4860 -0.8429 -0.2307
vn -0.8786 0.4182 -0.2307
vn -0.3165 -0.9300 -0.1868
vn -0.9362 0.2291 -0.2666
vn -0.1396 -0.9807 -0.1371
vn -0.9560 0.0262 -0.2922
vn 0.0385 -0.9957 -0.0837
vn -0.9348 -0.1811 -0.3056
vn -0.8209 0.4326 -0.3728
vn -0.2723 -0.9135 -0.3024
vn -0.8684 0.2467 -0.4300
vn -0.1076 -0.9690 -0.2223
vn -0.8811 0.0469 -0.4707
vn 0.0579 -0.9890 -0.1358
vn -0.8563 -0.1576 -0.4918
vn -0.3726 0.9269 -0.0457
vn 0.2193 -0.9746 -0.0457
vn -0.7945 -0.3563 -0.4918
vn -0.5137 0.8471 -0.1358
vn -0.6988 -0.5387 -0.4707
vn -0.6386 0.7367 -0.2223
vn -0.5750 -0.6960 -0.4300
vn -0.7426 0.5976 -0.3024
vn -0.4303 -0.8221 -0.3728
vn -0.6847 -0.3209 -0.6544
vn -0.4851 0.8552 -0.1826
vn -0.5950 -0.5030 -0.6269
vn -0.5911 0.7493 -0.2985
vn -0.4816 -0.6625 -0.5737
vn -0.6770 0.6144 -0.4052
vn -0.3508 -0.7928 -0.4984
vn -0.7388 0.4537 -0.4984
vn -0.2087 -0.8901 -0.4052
vn -0.7726 0.2721 -0.5737
vn -0.0614 -0.9524 -0.2985
vn -0.7754 0.0765 -0.6269
vn 0.0859 -0.9794 -0.1826
vn -0.7458 -0.1245 -0.6544
vn -0.3631 0.9297 -0.0614
vn 0.2288 -0.9715 -0.0614
vn -0.1287 -0.8614 -0.4914
vn -0.6540 0.3042 -0.6926
vn -0.0029 -0.9319 -0.3628
vn -0.6453 0.1134 -0.7554
vn 0.1216 -0.9674 -0.2223
vn -0.6102 -0.0835 -0.7878
vn -0.3510 0.9334 -0.0749
vn 0.2408 -0.9677 -0.0749
vn -0.5498 -0.2776 -0.7878
vn -0.4489 0.8655 -0.2223
vn -0.4669 -0.4597 -0.7554
vn -0.5313 0.7656 -0.3628
vn -0.3658 -0.6217 -0.6926
vn -0.5948 0.6362 -0.4914
vn -0.2513 -0.7571 -0.6030
vn -0.6366 0.4807 -0.6030
vn -0.3208 -0.4111 -0.8533
vn -0.4616 0.7851 -0.4129
vn -0.2328 -0.5760 -0.7836
vn -0.4998 0.6623 -0.5582
vn -0.1364 -0.7170 -0.6836
vn -0.5192 0.5129 -0.6836
vn -0.0356 -0.8289 -0.5582
vn -0.5186 0.3421 -0.7836
vn 0.0656 -0.9084 -0.4129
vn -0.4975 0.1564 -0.8533
vn 0.1635 -0.9534 -0.2534
vn -0.4562 -0.0367 -0.8891
vn -0.3368 0.9377 -0.0854
vn 0.2549 -0.9632 -0.0854
vn -0.3964 -0.2287 -0.8891
vn -0.4065 0.8778 -0.2534
vn 0.1414 -0.8832 -0.4473
vn -0.3377 0.2037 -0.9189
vn 0.2101 -0.9383 -0.2748
vn -0.2900 0.0141 -0.9569
vn -0.3211 0.9425 -0.0927
vn 0.2706 -0.9582 -0.0927
vn -0.2308 -0.1763 -0.9569
vn -0.3596 0.8917 -0.2748
vn -0.1624 -0.3594 -0.9189
vn -0.3848 0.8074 -0.4473
vn -0.0879 -0.5277 -0.8448
vn -0.3956 0.6920 -0.6038
vn -0.0104 -0.6745 -0.7382
vn -0.3914 0.5494 -0.7382
vn 0.0670 -0.7943 -0.6038
vn -0.3719 0.3846 -0.8448
vn -0.3039 0.8317 -0.4647
vn 0.0642 -0.4787 -0.8756
vn -0.2863 0.7247 -0.6268
vn 0.1224 -0.6315 -0.7657
vn -0.2577 0.5893 -0.7657
vn 0.1756 -0.7591 -0.6268
vn -0.2189 0.4305 -0.8756
vn 0.2218 -0.8572 -0.4647
vn -0.1714 0.2543 -0.9518
vn 0.2595 -0.9225 -0.2856
vn -0.1171 0.0675 -0.9908
vn -0.3043 0.9477 -0.0964
vn 0.2873 -0.9530 -0.0964
vn -0.0580 -0.1220 -0.9908
vn -0.3100 0.9068 -0.2856
vn 0.0032 -0.3066 -0.9518
vt 0.750000 0.375000
vt 0.750000 0.437500
vt 0.718750 0.437500
vt 0.718750 0.375000
vt 0.750000 0.812500
vt 0.750000 0.875000
vt 0.718750 0.875000
vt 0.718750 0.812500
vt 0.750000 0.312500
vt 0.718750 0.312500
vt 0.750000 0.750000
vt 0.718750 0.750000
vt 0.750000 0.250000
vt 0.718750 0.250000
vt 0.750000 0.687500
vt 0.718750 0.687500
vt 0.750000 0.187500
vt 0.718750 0.187500
vt 0.750000 0.625000
vt 0.718750 0.625000
vt 0.750000 0.125000
vt 0.718750 0.125000
vt 0.750000 0.562500
vt 0.718750 0.562500
vt 0.750000 0.062500
vt 0.718750 0.062500
vt 0.750000 0.500000
vt 0.718750 0.500000
vt 0.750000 0.937500
vt 0.734375 1.000000
vt 0.718750 0.937500
vt 0.734375 0.000000
vt 0.703125 0.000000
vt 0.687500 0.062500
vt 0.687500 0.500000
vt 0.687500 0.437500
vt 0.687500 0.937500
vt 0.687500 0.875000
vt 0.687500 0.375000
vt 0.687500 0.812500
vt 0.687500 0.312500
vt 0.687500 0.750000
vt 0.687500 0.250000
vt 0.687500 0.687500
vt 0.687500 0.187500
vt 0.687500 0.625000
vt 0.687500 0.125000
vt 0.687500 0.562500
vt 0.703125 1.000000
vt 0.656250 0.250000
vt 0.656250 0.187500
vt 0.656250 0.687500
vt 0.656250 0.625000
vt 0.656250 0.125000
vt 0.656250 0.562500
vt 0.656250 0.062500
vt 0.656250 0.500000
vt 0.671875 1.000000
vt 0.656250 0.937500
vt 0.671875 0.000000
vt 0.656250 0.437500
vt 0.656250 0.875000
vt 0.656250 0.375000
vt 0.656250 0.812500
vt 0.656250 0.312500
vt 0.656250 0.750000
vt 0.625000 0.937500
vt 0.625000 0.875000
vt 0.625000 0.437500
vt 0.625000 0.375000
vt 0.625000 0.812500
vt 0.625000 0.312500
vt 0.625000 0.750000
vt 0.625000 0.250000
vt 0.625000 0.687500
vt 0.625000 0.187500
vt 0.625000 0.625000
vt 0.625000 0.125000
vt 0.625000 0.562500
vt 0.625000 0.062500
vt 0.625000 0.500000
vt 0.640625 1.000000
vt 0.640625 0.000000
vt 0.593750 0.687500
vt 0.593750 0.625000
vt 0.593750 0.187500
vt 0.593750 0.125000
vt 0.593750 0.562500
vt 0.593750 0.062500
vt 0.593750 0.500000
vt 0.609375 1.000000
vt 0.593750 0.937500
vt 0.609375 0.000000
vt 0.593750 0.437500
vt 0.593750 0.875000
vt 0.593750 0.375000
vt 0.593750 0.812500
vt 0.593750 0.312500
vt 0.593750 0.750000
vt 0.593750 0.250000
vt 0.562500 0.437500
vt 0.562500 0.375000
vt 0.562500 0.875000
vt 0.562500 0.812500
vt 0.562500 0.312500
vt 0.562500 0.750000
vt 0.562500 0.250000
vt 0.562500 0.687500
vt 0.562500 0.187500
vt 0.562500 0.625000
vt 0.562500 0.125000
vt 0.562500 0.562500
vt 0.562500 0.062500
vt 0.562500 0.500000
vt 0.578125 1.000000
vt 0.562500 0.937500
vt 0.578125 0.000000
vt 0.531250 0.187500
vt 0.531250 0.125000
vt 0.531250 0.625000
vt 0.531250 0.562500
vt 0.531250 0.062500
vt 0.531250 0.500000
vt 0.546875 1.000000
vt 0.531250 0.937500
vt 0.546875 0.000000
vt 0.531250 0.437500
vt 0.531250 0.875000
vt 0.531250 0.375000
vt 0.531250 0.812500
vt 0.531250 0.312500
vt 0.531250 0.750000
vt 0.531250 0.250000
vt 0.531250 0.687500
vt 0.500000 0.875000
vt 0.500000 0.812500
vt 0.500000 0.375000
vt 0.500000 0.312500
vt 0.500000 0.750000
vt 0.500000 0.250000
vt 0.500000 0.687500
vt 0.500000 0.187500
vt 0.500000 0.625000
vt 0.500000 0.125000
vt 0.500000 0.562500
vt 0.500000 0.062500
vt 0.500000 0.500000
vt 0.515625 1.000000
vt 0.500000 0.937500
vt 0.515625 0.000000
vt 0.500000 0.437500
vt 0.468750 0.625000
vt 0.468750 0.562500
vt 0.468750 0.125000
vt 0.468750 0.062500
vt 0.468750 0.500000
vt 0.484375 1.000000
vt 0.468750 0.937500
vt 0.484375 0.000000
vt 0.468750 0.437500
vt 0.468750 0.875000
vt 0.468750 0.375000
vt 0.468750 0.812500
vt 0.468750 0.312500
vt 0.468750 0.750000
vt 0.468750 0.250000
vt 0.468750 0.687500
vt 0.468750 0.187500
vt 0.437500 0.375000
vt 0.437500 0.312500
vt 0.437500 0.812500
vt 0.437500 0.750000
vt 0.437500 0.250000
vt 0.437500 0.687500
vt 0.437500 0.187500
vt 0.437500 0.625000
vt 0.437500 0.125000
vt 0.437500 0.562500
vt 0.437500 0.062500
vt 0.437500 0.500000
vt 0.453125 1.000000
vt 0.437500 0.937500
vt 0.453125 0.000000
vt 0.437500 0.437500
vt 0.437500 0.875000
vt 0.406250 0.125000
vt 0.406250 0.062500
vt 0.406250 0.562500
vt 0.406250 0.500000
vt 0.421875 1.000000
vt 0.406250 0.937500
vt 0.421875 0.000000
vt 0.406250 0.437500
vt 0.406250 0.875000
vt 0.406250 0.375000
vt 0.406250 0.812500
vt 0.406250 0.312500
vt 0.406250 0.750000
vt 0.406250 0.250000
vt 0.406250 0.687500
vt 0.406250 0.187500
vt 0.406250 0.625000
vt 0.375000 0.312500
vt 0.375000 0.250000
vt 0.375000 0.750000
vt 0.375000 0.687500
vt 0.375000 0.187500
vt 0.375000 0.625000
vt 0.375000 0.125000
vt 0.375000 0.562500
vt 0.375000 0.062500
vt 0.375000 0.500000
vt 0.390625 1.000000
vt 0.375000 0.937500
vt 0.390625 0.000000
vt 0.375000 0.437500
vt 0.375000 0.875000
vt 0.375000 0.375000
vt 0.375000 0.812500
vt 0.359375 1.000000
vt 0.343750 0.937500
vt 0.359375 0.000000
vt 0.343750 0.062500
vt 0.343750 0.500000
vt 0.343750 0.437500
vt 0.343750 0.875000
vt 0.343750 0.375000
vt 0.343750 0.812500
vt 0.343750 0.312500
vt 0.343750 0.750000
vt 0.343750 0.250000
vt 0.343750 0.687500
vt 0.343750 0.187500
vt 0.343750 0.625000
vt 0.343750 0.125000
vt 0.343750 0.562500
vt 0.312500 0.750000
vt 0.312500 0.687500
vt 0.312500 0.250000
vt 0.312500 0.187500
vt 0.312500 0.625000
vt 0.312500 0.125000
vt 0.312500 0.562500
vt 0.312500 0.062500
vt 0.312500 0.500000
vt 0.328125 1.000000
vt 0.312500 0.937500
vt 0.328125 0.000000
vt 0.312500 0.437500
vt 0.312500 0.875000
vt 0.312500 0.375000
vt 0.312500 0.812500
vt 0.312500 0.312500
vt 0.281250 0.500000
vt 0.281250 0.437500
vt 0.281250 0.937500
vt 0.281250 0.875000
vt 0.281250 0.375000
vt 0.281250 0.812500
vt 0.281250 0.312500
vt 0.281250 0.750000
vt 0.281250 0.250000
vt 0.281250 0.687500
vt 0.281250 0.187500
vt 0.281250 0.625000
vt 0.281250 0.125000
vt 0.281250 0.562500
vt 0.281250 0.062500
vt 0.296875 1.000000
vt 0.296875 0.000000
vt 0.250000 0.250000
vt 0.250000 0.187500
vt 0.250000 0.687500
vt 0.250000 0.625000
vt 0.250000 0.125000
vt 0.250000 0.562500
vt 0.250000 0.062500
vt 0.250000 0.500000
vt 0.265625 1.000000
vt 0.250000 0.937500
vt 0.265625 0.000000
vt 0.250000 0.437500
vt 0.250000 0.875000
vt 0.250000 0.375000
vt 0.250000 0.812500
vt 0.250000 0.312500
vt 0.250000 0.750000
vt 0.218750 0.937500
vt 0.218750 0.875000
vt 0.218750 0.437500
vt 0.218750 0.375000
vt 0.218750 0.812500
vt 0.218750 0.312500
vt 0.218750 0.750000
vt 0.218750 0.250000
vt 0.218750 0.687500
vt 0.218750 0.187500
vt 0.218750 0.625000
vt 0.218750 0.125000
vt 0.218750 0.562500
vt 0.218750 0.062500
vt 0.218750 0.500000
vt 0.234375 1.000000
vt 0.234375 0.000000
vt 0.187500 0.687500
vt 0.187500 0.625000
vt 0.187500 0.187500
vt 0.187500 0.125000
vt 0.187500 0.562500
vt 0.187500 0.062500
vt 0.187500 0.500000
vt 0.203125 1.000000
vt 0.187500 0.937500
vt 0.203125 0.000000
vt 0.187500 0.437500
vt 0.187500 0.875000
vt 0.187500 0.375000
vt 0.187500 0.812500
vt 0.187500 0.312500
vt 0.187500 0.750000
vt 0.187500 0.250000
vt 0.156250 0.437500
vt 0.156250 0.375000
vt 0.156250 0.875000
vt 0.156250 0.812500
vt 0.156250 0.312500
vt 0.156250 0.750000
vt 0.156250 0.250000
vt 0.156250 0.687500
vt 0.156250 0.187500
vt 0.156250 0.625000
vt 0.156250 0.125000
vt 0.156250 0.562500
vt 0.156250 0.062500
vt 0.156250 0.500000
vt 0.171875 1.000000
vt 0.156250 0.937500
vt 0.171875 0.000000
vt 0.125000 0.187500
vt 0.125000 0.125000
vt 0.125000 0.625000
vt 0.125000 0.562500
vt 0.125000 0.062500
vt 0.125000 0.500000
vt 0.140625 1.000000
vt 0.125000 0.937500
vt 0.140625 0.000000
vt 0.125000 0.437500
vt 0.125000 0.875000
vt 0.125000 0.375000
vt 0.125000 0.812500
vt 0.125000 0.312500
vt 0.125000 0.750000
vt 0.125000 0.250000
vt 0.125000 0.687500
vt 0.093750 0.375000
vt 0.093750 0.312500
vt 0.093750 0.812500
vt 0.093750 0.750000
vt 0.093750 0.250000
vt 0.093750 0.687500
vt 0.093750 0.187500
vt 0.093750 0.625000
vt 0.093750 0.125000
vt 0.093750 0.562500
vt 0.093750 0.062500
vt 0.093750 0.500000
vt 0.109375 1.000000
vt 0.093750 0.937500
vt 0.109375 0.000000
vt 0.093750 0.437500
vt 0.093750 0.875000
vt 0.062500 0.125000
vt 0.062500 0.062500
vt 0.062500 0.562500
vt 0.062500 0.500000
vt 0.078125 1.000000
vt 0.062500 0.937500
vt 0.078125 0.000000
vt 0.062500 0.437500
vt 0.062500 0.875000
vt 0.062500 0.375000
vt 0.062500 0.812500
vt 0.062500 0.312500
vt 0.062500 0.750000
vt 0.062500 0.250000
vt 0.062500 0.687500
vt 0.062500 0.187500
vt 0.062500 0.625000
vt 0.031250 0.812500
vt 0.031250 0.750000
vt 0.031250 0.312500
vt 0.031250 0.250000
vt 0.031250 0.687500
vt 0.031250 0.187500
vt 0.031250 0.625000
vt 0.031250 0.125000
vt 0.031250 0.562500
vt 0.031250 0.062500
vt 0.031250 0.500000
vt 0.046875 1.000000
vt 0.031250 0.937500
vt 0.046875 0.000000
vt 0.031250 0.437500
vt 0.031250 0.875000
vt 0.031250 0.375000
vt 0.000000 0.562500
vt 0.000000 0.500000
vt 0.015625 1.000000
vt 0.000000 0.937500
vt 0.015625 0.000000
vt 0.000000 0.062500
vt 0.000000 0.437500
vt 0.000000 0.875000
vt 0.000000 0.375000
vt 0.000000 0.812500
vt 0.000000 0.312500
vt 0.000000 0.750000
vt 0.000000 0.250000
vt 0.000000 0.687500
vt 0.000000 0.187500
vt 0.000000 0.625000
vt 0.000000 0.125000
vt 1.000000 0.250000
vt 1.000000 0.312500
vt 0.968750 0.312500
vt 0.968750 0.250000
vt 1.000000 0.687500
vt 1.000000 0.750000
vt 0.968750 0.750000
vt 0.968750 0.687500
vt 1.000000 0.187500
vt 0.968750 0.187500
vt 1.000000 0.625000
vt 0.968750 0.625000
vt 1.000000 0.125000
vt 0.968750 0.125000
vt 1.000000 0.562500
vt 0.968750 0.562500
vt 1.000000 0.062500
vt 0.968750 0.062500
vt 1.000000 0.500000
vt 0.968750 0.500000
vt 1.000000 0.937500
vt 0.984375 1.000000
vt 0.968750 0.937500
vt 0.984375 0.000000
vt 1.000000 0.437500
vt 0.968750 0.437500
vt 1.000000 0.875000
vt 0.968750 0.875000
vt 1.000000 0.375000
vt 0.968750 0.375000
vt 1.000000 0.812500
vt 0.968750 0.812500
vt 0.953125 1.000000
vt 0.937500 0.937500
vt 0.953125 0.000000
vt 0.937500 0.062500
vt 0.937500 0.500000
vt 0.937500 0.437500
vt 0.937500 0.875000
vt 0.937500 0.375000
vt 0.937500 0.812500
vt 0.937500 0.312500
vt 0.937500 0.750000
vt 0.937500 0.250000
vt 0.937500 0.687500
vt 0.937500 0.187500
vt 0.937500 0.625000
vt 0.937500 0.125000
vt 0.937500 0.562500
vt 0.906250 0.750000
vt 0.906250 0.687500
vt 0.906250 0.250000
vt 0.906250 0.187500
vt 0.906250 0.625000
vt 0.906250 0.125000
vt 0.906250 0.562500
vt 0.906250 0.062500
vt 0.906250 0.500000
vt 0.921875 1.000000
vt 0.906250 0.937500
vt 0.921875 0.000000
vt 0.906250 0.437500
vt 0.906250 0.875000
vt 0.906250 0.375000
vt 0.906250 0.812500
vt 0.906250 0.312500
vt 0.875000 0.500000
vt 0.875000 0.437500
vt 0.875000 0.937500
vt 0.875000 0.875000
vt 0.875000 0.375000
vt 0.875000 0.812500
vt 0.875000 0.312500
vt 0.875000 0.750000
vt 0.875000 0.250000
vt 0.875000 0.687500
vt 0.875000 0.187500
vt 0.875000 0.625000
vt 0.875000 0.125000
vt 0.875000 0.562500
vt 0.875000 0.062500
vt 0.890625 1.000000
vt 0.890625 0.000000
vt 0.843750 0.250000
vt 0.843750 0.187500
vt 0.843750 0.687500
vt 0.843750 0.625000
vt 0.843750 0.125000
vt 0.843750 0.562500
vt 0.843750 0.062500
vt 0.843750 0.500000
vt 0.859375 1.000000
vt 0.843750 0.937500
vt 0.859375 0.000000
vt 0.843750 0.437500
vt 0.843750 0.875000
vt 0.843750 0.375000
vt 0.843750 0.812500
vt 0.843750 0.312500
vt 0.843750 0.750000
vt 0.812500 0.437500
vt 0.812500 0.375000
vt 0.812500 0.875000
vt 0.812500 0.812500
vt 0.812500 0.312500
vt 0.812500 0.750000
vt 0.812500 0.250000
vt 0.812500 0.687500
vt 0.812500 0.187500
vt 0.812500 0.625000
vt 0.812500 0.125000
vt 0.812500 0.562500
vt 0.812500 0.062500
vt 0.812500 0.500000
vt 0.828125 1.000000
vt 0.812500 0.937500
vt 0.828125 0.000000
vt 0.781250 0.187500
vt 0.781250 0.125000
vt 0.781250 0.625000
vt 0.781250 0.562500
vt 0.781250 0.062500
vt 0.781250 0.500000
vt 0.796875 1.000000
vt 0.781250 0.937500
vt 0.796875 0.000000
vt 0.781250 0.437500
vt 0.781250 0.875000
vt 0.781250 0.375000
vt 0.781250 0.812500
vt 0.781250 0.312500
vt 0.781250 0.750000
vt 0.781250 0.250000
vt 0.781250 0.687500
vt 0.765625 1.000000
vt 0.765625 0.000000
vt 1.000000 1.000000
vt 0.968750 1.000000
vt 0.968750 0.500000
vt 0.937500 1.000000
vt 0.937500 0.500000
vt 0.906250 1.000000
vt 0.906250 0.500000
vt 0.875000 1.000000
vt 0.875000 0.500000
vt 0.843750 1.000000
vt 0.843750 0.500000
vt 0.812500 1.000000
vt 0.812500 0.500000
vt 0.781250 1.000000
vt 0.781250 0.500000
vt 0.750000 1.000000
vt 0.718750 1.000000
vt 0.687500 1.000000
vt 0.656250 1.000000
vt 0.625000 1.000000
vt 0.593750 1.000000
vt 0.562500 1.000000
vt 0.531250 1.000000
vt 0.500000 1.000000
vt 0.500000 0.500000
vt 0.468750 1.000000
vt 0.468750 0.500000
vt 0.437500 1.000000
vt 0.437500 0.500000
vt 0.406250 1.000000
vt 0.406250 0.500000
vt 0.375000 1.000000
vt 0.375000 0.500000
vt 0.343750 1.000000
vt 0.343750 0.500000
vt 0.312500 1.000000
vt 0.312500 0.500000
vt 0.281250 1.000000
vt 0.281250 0.500000
vt 0.250000 1.000000
vt 0.250000 0.500000
vt 0.218750 1.000000
vt 0.218750 0.500000
vt 0.187500 1.000000
vt 0.187500 0.500000
vt 0.156250 1.000000
vt 0.156250 0.500000
vt 0.125000 1.000000
vt 0.125000 0.500000
vt 0.093750 1.000000
vt 0.093750 0.500000
vt 0.062500 1.000000
vt 0.062500 0.500000
vt 0.296822 0.485388
vt 0.250000 0.490000
vt 0.203178 0.485388
vt 0.158156 0.471731
vt 0.116663 0.449553
vt 0.080294 0.419706
vt 0.050447 0.383337
vt 0.028269 0.341844
vt 0.014612 0.296822
vt 0.010000 0.250000
vt 0.014612 0.203178
vt 0.028269 0.158156
vt 0.050447 0.116663
vt 0.080294 0.080294
vt 0.116663 0.050447
vt 0.158156 0.028269
vt 0.203178 0.014612
vt 0.250000 0.010000
vt 0.296822 0.014612
vt 0.341844 0.028269
vt 0.383337 0.050447
vt 0.419706 0.080294
vt 0.449553 0.116663
vt 0.471731 0.158156
vt 0.485388 0.203178
vt 0.490000 0.250000
vt 0.485388 0.296822
vt 0.471731 0.341844
vt 0.449553 0.383337
vt 0.419706 0.419706
vt 0.383337 0.449553
vt 0.341844 0.471731
vt 0.031250 1.000000
vt 0.031250 0.500000
vt 0.000000 1.000000
vt 0.750000 0.490000
vt 0.796822 0.485388
vt 0.841844 0.471731
vt 0.883337 0.449553
vt 0.919706 0.419706
vt 0.949553 0.383337
vt 0.971731 0.341844
vt 0.985388 0.296822
vt 0.990000 0.250000
vt 0.985388 0.203178
vt 0.971731 0.158156
vt 0.949553 0.116663
vt 0.919706 0.080294
vt 0.883337 0.050447
vt 0.841844 0.028269
vt 0.796822 0.014612
vt 0.750000 0.010000
vt 0.703178 0.014612
vt 0.658156 0.028269
vt 0.616663 0.050447
vt 0.580294 0.080294
vt 0.550447 0.116663
vt 0.528269 0.158156
vt 0.514612 0.203178
vt 0.510000 0.250000
vt 0.514612 0.296822
vt 0.528269 0.341844
vt 0.550447 0.383337
vt 0.580294 0.419706
vt 0.616663 0.449553
vt 0.658156 0.471731
vt 0.703178 0.485388
s 0
f 478/1/1 5/2/1 15/3/1 16/4/1
f 1/5/2 475/6/2 8/7/2 9/8/2
f 6/9/3 478/1/3 16/4/3 17/10/3
f 476/11/4 1/5/4 9/8/4 10/12/4
f 479/13/5 6/9/5 17/10/5 18/14/5
f 2/15/6 476/11/6 10/12/6 11/16/6
f 480/17/7 479/13/7 18/14/7 19/18/7
f 477/19/8 2/15/8 11/16/8 12/20/8
f 481/21/9 480/17/9 19/18/9 20/22/9
f 3/23/10 477/19/10 12/20/10 13/24/10
f 482/25/11 481/21/11 20/22/11 21/26/11
f 4/27/12 3/23/12 13/24/12 14/28/12
f 474/29/13 82/30/13 7/31/13
f 308/32/14 482/25/14 21/26/14
f 5/2/15 4/27/15 14/28/15 15/3/15
f 475/6/16 474/29/16 7/31/16 8/7/16
f 308/33/17 21/26/17 36/34/17
f 15/3/18 14/28/18 29/35/18 30/36/18
f 8/7/19 7/31/19 22/37/19 23/38/19
f 16/4/20 15/3/20 30/36/20 31/39/20
f 9/8/21 8/7/21 23/38/21 24/40/21
f 17/10/22 16/4/22 31/39/22 32/41/22
f 10/12/23 9/8/23 24/40/23 25/42/23
f 18/14/24 17/10/24 32/41/24 33/43/24
f 11/16/25 10/12/25 25/42/25 26/44/25
f 19/18/26 18/14/26 33/43/26 34/45/26
f 12/20/27 11/16/27 26/44/27 27/46/27
f 20/22/28 19/18/28 34/45/28 35/47/28
f 13/24/29 12/20/29 27/46/29 28/48/29
f 21/26/30 20/22/30 35/47/30 36/34/30
f 14/28/31 13/24/31 28/48/31 29/35/31
f 7/31/32 82/49/32 22/37/32
f 34/45/33 33/43/33 48/50/33 49/51/33
f 27/46/34 26/44/34 41/52/34 42/53/34
f 35/47/35 34/45/35 49/51/35 50/54/35
f 28/48/36 27/46/36 42/53/36 43/55/36
f 36/34/37 35/47/37 50/54/37 51/56/37
f 29/35/38 28/48/38 43/55/38 44/57/38
f 22/37/39 82/58/39 37/59/39
f 308/60/40 36/34/40 51/56/40
f 30/36/41 29/35/41 44/57/41 45/61/41
f 23/38/42 22/37/42 37/59/42 38/62/42
f 31/39/43 30/36/43 45/61/43 46/63/43
f 24/40/44 23/38/44 38/62/44 39/64/44
f 32/41/45 31/39/45 46/63/45 47/65/45
f 25/42/46 24/40/46 39/64/46 40/66/46
f 33/43/47 32/41/47 47/65/47 48/50/47
f 26/44/48 25/42/48 40/66/48 41/52/48
f 38/62/49 37/59/49 52/67/49 53/68/49
f 46/63/50 45/61/50 60/69/50 61/70/50
f 39/64/51 38/62/51 53/68/51 54/71/51
f 47/65/52 46/63/52 61/70/52 62/72/52
f 40/66/53 39/64/53 54/71/53 55/73/53
f 48/50/54 47/65/54 62/72/54 63/74/54
f 41/52/55 40/66/55 55/73/55 56/75/55
f 49/51/56 48/50/56 63/74/56 64/76/56
f 42/53/57 41/52/57 56/75/57 57/77/57
f 50/54/58 49/51/58 64/76/58 65/78/58
f 43/55/59 42/53/59 57/77/59 58/79/59
f 51/56/60 50/54/60 65/78/60 66/80/60
f 44/57/61 43/55/61 58/79/61 59/81/61
f 37/59/62 82/82/62 52/67/62
f 308/83/63 51/56/63 66/80/63
f 45/61/64 44/57/64 59/81/64 60/69/64
f 57/77/65 56/75/65 71/84/65 72/85/65
f 65/78/66 64/76/66 79/86/66 80/87/66
f 58/79/67 57/77/67 72/85/67 73/88/67
f 66/80/68 65/78/68 80/87/68 81/89/68
f 59/81/69 58/79/69 73/88/69 74/90/69
f 52/67/70 82/91/70 67/92/70
f 308/93/71 66/80/71 81/89/71
f 60/69/72 59/81/72 74/90/72 75/94/72
f 53/68/73 52/67/73 67/92/73 68/95/73
f 61/70/74 60/69/74 75/94/74 76/96/74
f 54/71/75 53/68/75 68/95/75 69/97/75
f 62/72/76 61/70/76 76/96/76 77/98/76
f 55/73/77 54/71/77 69/97/77 70/99/77
f 63/74/78 62/72/78 77/98/78 78/100/78
f 56/75/79 55/73/79 70/99/79 71/84/79
f 64/76/80 63/74/80 78/100/80 79/86/80
f 76/96/81 75/94/81 91/101/81 92/102/81
f 69/97/82 68/95/82 84/103/82 85/104/82
f 77/98/83 76/96/83 92/102/83 93/105/83
f 70/99/84 69/97/84 85/104/84 86/106/84
f 78/100/85 77/98/85 93/105/85 94/107/85
f 71/84/86 70/99/86 86/106/86 87/108/86
f 79/86/87 78/100/87 94/107/87 95/109/87
f 72/85/88 71/84/88 87/108/88 88/110/88
f 80/87/89 79/86/89 95/109/89 96/111/89
f 73/88/90 72/85/90 88/110/90 89/112/90
f 81/89/91 80/87/91 96/111/91 97/113/91
f 74/90/92 73/88/92 89/112/92 90/114/92
f 67/92/93 82/115/93 83/116/93
f 308/117/94 81/89/94 97/113/94
f 75/94/95 74/90/95 90/114/95 91/101/95
f 68/95/96 67/92/96 83/116/96 84/103/96
f 96/111/97 95/109/97 110/118/97 111/119/97
f 89/112/98 88/110/98 103/120/98 104/121/98
f 97/113/99 96/111/99 111/119/99 112/122/99
f 90/114/100 89/112/100 104/121/100 105/123/100
f 83/116/101 82/124/101 98/125/101
f 308/126/102 97/113/102 112/122/102
f 91/101/103 90/114/103 105/123/103 106/127/103
f 84/103/104 83/116/104 98/125/104 99/128/104
f 92/102/105 91/101/105 106/127/105 107/129/105
f 85/104/106 84/103/106 99/128/106 100/130/106
f 93/105/107 92/102/107 107/129/107 108/131/107
f 86/106/108 85/104/108 100/130/108 101/132/108
f 94/107/109 93/105/109 108/131/109 109/133/109
f 87/108/110 86/106/110 101/132/110 102/134/110
f 95/109/111 94/107/111 109/133/111 110/118/111
f 88/110/112 87/108/112 102/134/112 103/120/112
f 100/130/113 99/128/113 114/135/113 115/136/113
f 108/131/114 107/129/114 122/137/114 123/138/114
f 101/132/115 100/130/115 115/136/115 116/139/115
f 109/133/116 108/131/116 123/138/116 124/140/116
f 102/134/117 101/132/117 116/139/117 117/141/117
f 110/118/118 109/133/118 124/140/118 125/142/118
f 103/120/119 102/134/119 117/141/119 118/143/119
f 111/119/120 110/118/120 125/142/120 126/144/120
f 104/121/121 103/120/121 118/143/121 119/145/121
f 112/122/122 111/119/122 126/144/122 127/146/122
f 105/123/123 104/121/123 119/145/123 120/147/123
f 98/125/124 82/148/124 113/149/124
f 308/150/125 112/122/125 127/146/125
f 106/127/126 105/123/126 120/147/126 121/151/126
f 99/128/127 98/125/127 113/149/127 114/135/127
f 107/129/128 106/127/128 121/151/128 122/137/128
f 119/145/129 118/143/129 133/152/129 134/153/129
f 127/146/130 126/144/130 141/154/130 142/155/130
f 120/147/131 119/145/131 134/153/131 135/156/131
f 113/149/132 82/157/132 128/158/132
f 308/159/133 127/146/133 142/155/133
f 121/151/134 120/147/134 135/156/134 136/160/134
f 114/135/135 113/149/135 128/158/135 129/161/135
f 122/137/136 121/151/136 136/160/136 137/162/136
f 115/136/137 114/135/137 129/161/137 130/163/137
f 123/138/138 122/137/138 137/162/138 138/164/138
f 116/139/139 115/136/139 130/163/139 131/165/139
f 124/140/140 123/138/140 138/164/140 139/166/140
f 117/141/141 116/139/141 131/165/141 132/167/141
f 125/142/142 124/140/142 139/166/142 140/168/142
f 118/143/143 117/141/143 132/167/143 133/152/143
f 126/144/144 125/142/144 140/168/144 141/154/144
f 138/164/145 137/162/145 152/169/145 153/170/145
f 131/165/146 130/163/146 145/171/146 146/172/146
f 139/166/147 138/164/147 153/170/147 154/173/147
f 132/167/148 131/165/148 146/172/148 147/174/148
f 140/168/149 139/166/149 154/173/149 155/175/149
f 133/152/150 132/167/150 147/174/150 148/176/150
f 141/154/151 140/168/151 155/175/151 156/177/151
f 134/153/152 133/152/152 148/176/152 149/178/152
f 142/155/153 141/154/153 156/177/153 157/179/153
f 135/156/154 134/153/154 149/178/154 150/180/154
f 128/158/155 82/181/155 143/182/155
f 308/183/156 142/155/156 157/179/156
f 136/160/157 135/156/157 150/180/157 151/184/157
f 129/161/158 128/158/158 143/182/158 144/185/158
f 137/162/159 136/160/159 151/184/159 152/169/159
f 130/163/160 129/161/160 144/185/160 145/171/160
f 157/179/161 156/177/161 171/186/161 172/187/161
f 150/180/162 149/178/162 164/188/162 165/189/162
f 143/182/163 82/190/163 158/191/163
f 308/192/164 157/179/164 172/187/164
f 151/184/165 150/180/165 165/189/165 166/193/165
f 144/185/166 143/182/166 158/191/166 159/194/166
f 152/169/167 151/184/167 166/193/167 167/195/167
f 145/171/168 144/185/168 159/194/168 160/196/168
f 153/170/169 152/169/169 167/195/169 168/197/169
f 146/172/170 145/171/170 160/196/170 161/198/170
f 154/173/171 153/170/171 168/197/171 169/199/171
f 147/174/172 146/172/172 161/198/172 162/200/172
f 155/175/173 154/173/173 169/199/173 170/201/173
f 148/176/174 147/174/174 162/200/174 163/202/174
f 156/177/175 155/175/175 170/201/175 171/186/175
f 149/178/176 148/176/176 163/202/176 164/188/176
f 169/199/177 168/197/177 183/203/177 184/204/177
f 162/200/178 161/198/178 176/205/178 177/206/178
f 170/201/179 169/199/179 184/204/179 185/207/179
f 163/202/180 162/200/180 177/206/180 178/208/180
f 171/186/181 170/201/181 185/207/181 186/209/181
f 164/188/182 163/202/182 178/208/182 179/210/182
f 172/187/183 171/186/183 186/209/183 187/211/183
f 165/189/184 164/188/184 179/210/184 180/212/184
f 158/191/185 82/213/185 173/214/185
f 308/215/186 172/187/186 187/211/186
f 166/193/187 165/189/187 180/212/187 181/216/187
f 159/194/188 158/191/188 173/214/188 174/217/188
f 167/195/189 166/193/189 181/216/189 182/218/189
f 160/196/190 159/194/190 174/217/190 175/219/190
f 168/197/191 167/195/191 182/218/191 183/203/191
f 161/198/192 160/196/192 175/219/192 176/205/192
f 173/214/193 82/220/193 188/221/193
f 308/222/194 187/211/194 202/223/194
f 181/216/195 180/212/195 195/224/195 196/225/195
f 174/217/196 173/214/196 188/221/196 189/226/196
f 182/218/197 181/216/197 196/225/197 197/227/197
f 175/219/198 174/217/198 189/226/198 190/228/198
f 183/203/199 182/218/199 197/227/199 198/229/199
f 176/205/200 175/219/200 190/228/200 191/230/200
f 184/204/201 183/203/201 198/229/201 199/231/201
f 177/206/202 176/205/202 191/230/202 192/232/202
f 185/207/203 184/204/203 199/231/203 200/233/203
f 178/208/204 177/206/204 192/232/204 193/234/204
f 186/209/205 185/207/205 200/233/205 201/235/205
f 179/210/206 178/208/206 193/234/206 194/236/206
f 187/211/207 186/209/207 201/235/207 202/223/207
f 180/212/208 179/210/208 194/236/208 195/224/208
f 192/232/209 191/230/209 206/237/209 207/238/209
f 200/233/210 199/231/210 214/239/210 215/240/210
f 193/234/211 192/232/211 207/238/211 208/241/211
f 201/235/212 200/233/212 215/240/212 216/242/212
f 194/236/213 193/234/213 208/241/213 209/243/213
f 202/223/214 201/235/214 216/242/214 217/244/214
f 195/224/215 194/236/215 209/243/215 210/245/215
f 188/221/216 82/246/216 203/247/216
f 308/248/217 202/223/217 217/244/217
f 196/225/218 195/224/218 210/245/218 211/249/218
f 189/226/219 188/221/219 203/247/219 204/250/219
f 197/227/220 196/225/220 211/249/220 212/251/220
f 190/228/221 189/226/221 204/250/221 205/252/221
f 198/229/222 197/227/222 212/251/222 213/253/222
f 191/230/223 190/228/223 205/252/223 206/237/223
f 199/231/224 198/229/224 213/253/224 214/239/224
f 211/249/225 210/245/225 225/254/225 226/255/225
f 204/250/226 203/247/226 218/256/226 219/257/226
f 212/251/227 211/249/227 226/255/227 227/258/227
f 205/252/228 204/250/228 219/257/228 220/259/228
f 213/253/229 212/251/229 227/258/229 228/260/229
f 206/237/230 205/252/230 220/259/230 221/261/230
f 214/239/231 213/253/231 228/260/231 229/262/231
f 207/238/232 206/237/232 221/261/232 222/263/232
f 215/240/233 214/239/233 229/262/233 230/264/233
f 208/241/234 207/238/234 222/263/234 223/265/234
f 216/242/235 215/240/235 230/264/235 231/266/235
f 209/243/236 208/241/236 223/265/236 224/267/236
f 217/244/237 216/242/237 231/266/237 232/268/237
f 210/245/238 209/243/238 224/267/238 225/254/238
f 203/247/239 82/269/239 218/256/239
f 308/270/240 217/244/240 232/268/240
f 230/264/241 229/262/241 244/271/241 245/272/241
f 223/265/242 222/263/242 237/273/242 238/274/242
f 231/266/243 230/264/243 245/272/243 246/275/243
f 224/267/244 223/265/244 238/274/244 239/276/244
f 232/268/245 231/266/245 246/275/245 247/277/245
f 225/254/246 224/267/246 239/276/246 240/278/246
f 218/256/247 82/279/247 233/280/247
f 308/281/248 232/268/248 247/277/248
f 226/255/249 225/254/249 240/278/249 241/282/249
f 219/257/250 218/256/250 233/280/250 234/283/250
f 227/258/251 226/255/251 241/282/251 242/284/251
f 220/259/252 219/257/252 234/283/252 235/285/252
f 228/260/253 227/258/253 242/284/253 243/286/253
f 221/261/254 220/259/254 235/285/254 236/287/254
f 229/262/255 228/260/255 243/286/255 244/271/255
f 222/263/256 221/261/256 236/287/256 237/273/256
f 234/283/257 233/280/257 248/288/257 249/289/257
f 242/284/258 241/282/258 256/290/258 257/291/258
f 235/285/259 234/283/259 249/289/259 250/292/259
f 243/286/260 242/284/260 257/291/260 258/293/260
f 236/287/261 235/285/261 250/292/261 251/294/261
f 244/271/262 243/286/262 258/293/262 259/295/262
f 237/273/263 236/287/263 251/294/263 252/296/263
f 245/272/264 244/271/264 259/295/264 260/297/264
f 238/274/265 237/273/265 252/296/265 253/298/265
f 246/275/266 245/272/266 260/297/266 261/299/266
f 239/276/267 238/274/267 253/298/267 254/300/267
f 247/277/268 246/275/268 261/299/268 262/301/268
f 240/278/269 239/276/269 254/300/269 255/302/269
f 233/280/270 82/303/270 248/288/270
f 308/304/271 247/277/271 262/301/271
f 241/282/272 240/278/272 255/302/272 256/290/272
f 253/298/273 252/296/273 267/305/273 268/306/273
f 261/299/274 260/297/274 275/307/274 276/308/274
f 254/300/275 253/298/275 268/306/275 269/309/275
f 262/301/276 261/299/276 276/308/276 277/310/276
f 255/302/277 254/300/277 269/309/277 270/311/277
f 248/288/278 82/312/278 263/313/278
f 308/314/279 262/301/279 277/310/279
f 256/290/280 255/302/280 270/311/280 271/315/280
f 249/289/281 248/288/281 263/313/281 264/316/281
f 257/291/282 256/290/282 271/315/282 272/317/282
f 250/292/283 249/289/283 264/316/283 265/318/283
f 258/293/284 257/291/284 272/317/284 273/319/284
f 251/294/285 250/292/285 265/318/285 266/320/285
f 259/295/286 258/293/286 273/319/286 274/321/286
f 252/296/287 251/294/287 266/320/287 267/305/287
f 260/297/288 259/295/288 274/321/288 275/307/288
f 272/317/289 271/315/289 286/322/289 287/323/289
f 265/318/290 264/316/290 279/324/290 280/325/290
f 273/319/291 272/317/291 287/323/291 288/326/291
f 266/320/292 265/318/292 280/325/292 281/327/292
f 274/321/293 273/319/293 288/326/293 289/328/293
f 267/305/294 266/320/294 281/327/294 282/329/294
f 275/307/295 274/321/295 289/328/295 290/330/295
f 268/306/296 267/305/296 282/329/296 283/331/296
f 276/308/297 275/307/297 290/330/297 291/332/297
f 269/309/298 268/306/298 283/331/298 284/333/298
f 277/310/299 276/308/299 291/332/299 292/334/299
f 270/311/300 269/309/300 284/333/300 285/335/300
f 263/313/301 82/336/301 278/337/301
f 308/338/302 277/310/302 292/334/302
f 271/315/303 270/311/303 285/335/303 286/322/303
f 264/316/304 263/313/304 278/337/304 279/324/304
f 291/332/305 290/330/305 305/339/305 306/340/305
f 284/333/306 283/331/306 298/341/306 299/342/306
f 292/334/307 291/332/307 306/340/307 307/343/307
f 285/335/308 284/333/308 299/342/308 300/344/308
f 278/337/309 82/345/309 293/346/309
f 308/347/310 292/334/310 307/343/310
f 286/322/311 285/335/311 300/344/311 301/348/311
f 279/324/312 278/337/312 293/346/312 294/349/312
f 287/323/313 286/322/313 301/348/313 302/350/313
f 280/325/314 279/324/314 294/349/314 295/351/314
f 288/326/315 287/323/315 302/350/315 303/352/315
f 281/327/316 280/325/316 295/351/316 296/353/316
f 289/328/317 288/326/317 303/352/317 304/354/317
f 282/329/318 281/327/318 296/353/318 297/355/318
f 290/330/319 289/328/319 304/354/319 305/339/319
f 283/331/320 282/329/320 297/355/320 298/341/320
f 303/352/321 302/350/321 318/356/321 319/357/321
f 296/353/322 295/351/322 311/358/322 312/359/322
f 304/354/323 303/352/323 319/357/323 320/360/323
f 297/355/324 296/353/324 312/359/324 313/361/324
f 305/339/325 304/354/325 320/360/325 321/362/325
f 298/341/326 297/355/326 313/361/326 314/363/326
f 306/340/327 305/339/327 321/362/327 322/364/327
f 299/342/328 298/341/328 314/363/328 315/365/328
f 307/343/329 306/340/329 322/364/329 323/366/329
f 300/344/330 299/342/330 315/365/330 316/367/330
f 293/346/331 82/368/331 309/369/331
f 308/370/332 307/343/332 323/366/332
f 301/348/333 300/344/333 316/367/333 317/371/333
f 294/349/334 293/346/334 309/369/334 310/372/334
f 302/350/335 301/348/335 317/371/335 318/356/335
f 295/351/336 294/349/336 310/372/336 311/358/336
f 323/366/337 322/364/337 337/373/337 338/374/337
f 316/367/338 315/365/338 330/375/338 331/376/338
f 309/369/339 82/377/339 324/378/339
f 308/379/340 323/366/340 338/374/340
f 317/371/341 316/367/341 331/376/341 332/380/341
f 310/372/342 309/369/342 324/378/342 325/381/342
f 318/356/343 317/371/343 332/380/343 333/382/343
f 311/358/344 310/372/344 325/381/344 326/383/344
f 319/357/345 318/356/345 333/382/345 334/384/345
f 312/359/346 311/358/346 326/383/346 327/385/346
f 320/360/347 319/357/347 334/384/347 335/386/347
f 313/361/348 312/359/348 327/385/348 328/387/348
f 321/362/349 320/360/349 335/386/349 336/388/349
f 314/363/350 313/361/350 328/387/350 329/389/350
f 322/364/351 321/362/351 336/388/351 337/373/351
f 315/365/352 314/363/352 329/389/352 330/375/352
f 327/385/353 326/383/353 341/390/353 342/391/353
f 335/386/354 334/384/354 349/392/354 350/393/354
f 328/387/355 327/385/355 342/391/355 343/394/355
f 336/388/356 335/386/356 350/393/356 351/395/356
f 329/389/357 328/387/357 343/394/357 344/396/357
f 337/373/358 336/388/358 351/395/358 352/397/358
f 330/375/359 329/389/359 344/396/359 345/398/359
f 338/374/360 337/373/360 352/397/360 353/399/360
f 331/376/361 330/375/361 345/398/361 346/400/361
f 324/378/362 82/401/362 339/402/362
f 308/403/363 338/374/363 353/399/363
f 332/380/364 331/376/364 346/400/364 347/404/364
f 325/381/365 324/378/365 339/402/365 340/405/365
f 333/382/366 332/380/366 347/404/366 348/406/366
f 326/383/367 325/381/367 340/405/367 341/390/367
f 334/384/368 333/382/368 348/406/368 349/392/368
f 346/400/369 345/398/369 360/407/369 361/408/369
f 339/402/370 82/409/370 354/410/370
f 308/411/371 353/399/371 368/412/371
f 347/404/372 346/400/372 361/408/372 362/413/372
f 340/405/373 339/402/373 354/410/373 355/414/373
f 348/406/374 347/404/374 362/413/374 363/415/374
f 341/390/375 340/405/375 355/414/375 356/416/375
f 349/392/376 348/406/376 363/415/376 364/417/376
f 342/391/377 341/390/377 356/416/377 357/418/377
f 350/393/378 349/392/378 364/417/378 365/419/378
f 343/394/379 342/391/379 357/418/379 358/420/379
f 351/395/380 350/393/380 365/419/380 366/421/380
f 344/396/381 343/394/381 358/420/381 359/422/381
f 352/397/382 351/395/382 366/421/382 367/423/382
f 345/398/383 344/396/383 359/422/383 360/407/383
f 353/399/384 352/397/384 367/423/384 368/412/384
f 365/424/385 364/425/385 379/426/385 380/427/385
f 358/428/386 357/429/386 372/430/386 373/431/386
f 366/432/387 365/424/387 380/427/387 381/433/387
f 359/434/388 358/428/388 373/431/388 374/435/388
f 367/436/389 366/432/389 381/433/389 382/437/389
f 360/438/390 359/434/390 374/435/390 375/439/390
f 368/440/391 367/436/391 382/437/391 383/441/391
f 361/442/392 360/438/392 375/439/392 376/443/392
f 354/444/393 82/445/393 369/446/393
f 308/447/394 368/440/394 383/441/394
f 362/448/395 361/442/395 376/443/395 377/449/395
f 355/450/396 354/444/396 369/446/396 370/451/396
f 363/452/397 362/448/397 377/449/397 378/453/397
f 356/454/398 355/450/398 370/451/398 371/455/398
f 364/425/399 363/452/399 378/453/399 379/426/399
f 357/429/400 356/454/400 371/455/400 372/430/400
f 369/446/401 82/456/401 384/457/401
f 308/458/402 383/441/402 398/459/402
f 377/449/403 376/443/403 391/460/403 392/461/403
f 370/451/404 369/446/404 384/457/404 385/462/404
f 378/453/405 377/449/405 392/461/405 393/463/405
f 371/455/406 370/451/406 385/462/406 386/464/406
f 379/426/407 378/453/407 393/463/407 394/465/407
f 372/430/408 371/455/408 386/464/408 387/466/408
f 380/427/409 379/426/409 394/465/409 395/467/409
f 373/431/410 372/430/410 387/466/410 388/468/410
f 381/433/411 380/427/411 395/467/411 396/469/411
f 374/435/412 373/431/412 388/468/412 389/470/412
f 382/437/413 381/433/413 396/469/413 397/471/413
f 375/439/414 374/435/414 389/470/414 390/472/414
f 383/441/415 382/437/415 397/471/415 398/459/415
f 376/443/416 375/439/416 390/472/416 391/460/416
f 388/468/417 387/466/417 402/473/417 403/474/417
f 396/469/418 395/467/418 410/475/418 411/476/418
f 389/470/419 388/468/419 403/474/419 404/477/419
f 397/471/420 396/469/420 411/476/420 412/478/420
f 390/472/421 389/470/421 404/477/421 405/479/421
f 398/459/422 397/471/422 412/478/422 413/480/422
f 391/460/423 390/472/423 405/479/423 406/481/423
f 384/457/424 82/482/424 399/483/424
f 308/484/425 398/459/425 413/480/425
f 392/461/426 391/460/426 406/481/426 407/485/426
f 385/462/427 384/457/427 399/483/427 400/486/427
f 393/463/428 392/461/428 407/485/428 408/487/428
f 386/464/429 385/462/429 400/486/429 401/488/429
f 394/465/430 393/463/430 408/487/430 409/489/430
f 387/466/431 386/464/431 401/488/431 402/473/431
f 395/467/432 394/465/432 409/489/432 410/475/432
f 407/485/433 406/481/433 421/490/433 422/491/433
f 400/486/434 399/483/434 414/492/434 415/493/434
f 408/487/435 407/485/435 422/491/435 423/494/435
f 401/488/436 400/486/436 415/493/436 416/495/436
f 409/489/437 408/487/437 423/494/437 424/496/437
f 402/473/438 401/488/438 416/495/438 417/497/438
f 410/475/439 409/489/439 424/496/439 425/498/439
f 403/474/440 402/473/440 417/497/440 418/499/440
f 411/476/441 410/475/441 425/498/441 426/500/441
f 404/477/442 403/474/442 418/499/442 419/501/442
f 412/478/443 411/476/443 426/500/443 427/502/443
f 405/479/444 404/477/444 419/501/444 420/503/444
f 413/480/445 412/478/445 427/502/445 428/504/445
f 406/481/446 405/479/446 420/503/446 421/490/446
f 399/483/447 82/505/447 414/492/447
f 308/506/448 413/480/448 428/504/448
f 426/500/449 425/498/449 440/507/449 441/508/449
f 419/501/450 418/499/450 433/509/450 434/510/450
f 427/502/451 426/500/451 441/508/451 442/511/451
f 420/503/452 419/501/452 434/510/452 435/512/452
f 428/504/453 427/502/453 442/511/453 443/513/453
f 421/490/454 420/503/454 435/512/454 436/514/454
f 414/492/455 82/515/455 429/516/455
f 308/517/456 428/504/456 443/513/456
f 422/491/457 421/490/457 436/514/457 437/518/457
f 415/493/458 414/492/458 429/516/458 430/519/458
f 423/494/459 422/491/459 437/518/459 438/520/459
f 416/495/460 415/493/460 430/519/460 431/521/460
f 424/496/461 423/494/461 438/520/461 439/522/461
f 417/497/462 416/495/462 431/521/462 432/523/462
f 425/498/463 424/496/463 439/522/463 440/507/463
f 418/499/464 417/497/464 432/523/464 433/509/464
f 438/520/465 437/518/465 452/524/465 453/525/465
f 431/521/466 430/519/466 445/526/466 446/527/466
f 439/522/467 438/520/467 453/525/467 454/528/467
f 432/523/468 431/521/468 446/527/468 447/529/468
f 440/507/469 439/522/469 454/528/469 455/530/469
f 433/509/470 432/523/470 447/529/470 448/531/470
f 441/508/471 440/507/471 455/530/471 456/532/471
f 434/510/472 433/509/472 448/531/472 449/533/472
f 442/511/473 441/508/473 456/532/473 457/534/473
f 435/512/474 434/510/474 449/533/474 450/535/474
f 443/513/475 442/511/475 457/534/475 458/536/475
f 436/514/476 435/512/476 450/535/476 451/537/476
f 429/516/477 82/538/477 444/539/477
f 308/540/478 443/513/478 458/536/478
f 437/518/479 436/514/479 451/537/479 452/524/479
f 430/519/480 429/516/480 444/539/480 445/526/480
f 457/534/481 456/532/481 471/541/481 472/542/481
f 450/535/482 449/533/482 464/543/482 465/544/482
f 458/536/483 457/534/483 472/542/483 473/545/483
f 451/537/484 450/535/484 465/544/484 466/546/484
f 444/539/485 82/547/485 459/548/485
f 308/549/486 458/536/486 473/545/486
f 452/524/487 451/537/487 466/546/487 467/550/487
f 445/526/488 444/539/488 459/548/488 460/551/488
f 453/525/489 452/524/489 467/550/489 468/552/489
f 446/527/490 445/526/490 460/551/490 461/553/490
f 454/528/491 453/525/491 468/552/491 469/554/491
f 447/529/492 446/527/492 461/553/492 462/555/492
f 455/530/493 454/528/493 469/554/493 470/556/493
f 448/531/494 447/529/494 462/555/494 463/557/494
f 456/532/495 455/530/495 470/556/495 471/541/495
f 449/533/496 448/531/496 463/557/496 464/543/496
f 461/553/497 460/551/497 475/6/497 1/5/497
f 469/554/498 468/552/498 478/1/498 6/9/498
f 462/555/499 461/553/499 1/5/499 476/11/499
f 470/556/500 469/554/500 6/9/500 479/13/500
f 463/557/501 462/555/501 476/11/501 2/15/501
f 471/541/502 470/556/502 479/13/502 480/17/502
f 464/543/503 463/557/503 2/15/503 477/19/503
f 472/542/504 471/541/504 480/17/504 481/21/504
f 465/544/505 464/543/505 477/19/505 3/23/505
f 473/545/506 472/542/506 481/21/506 482/25/506
f 466/546/507 465/544/507 3/23/507 4/27/507
f 459/548/508 82/558/508 474/29/508
f 308/559/509 473/545/509 482/25/509
f 467/550/510 466/546/510 4/27/510 5/2/510
f 460/551/511 459/548/511 474/29/511 475/6/511
f 468/552/512 467/550/512 5/2/512 478/1/512
f 483/442/513 484/560/513 486/561/513 485/562/513
f 485/562/514 486/561/514 488/563/514 487/564/514
f 487/564/515 488/563/515 490/565/515 489/566/515
f 489/566/516 490/565/516 492/567/516 491/568/516
f 491/568/517 492/567/517 494/569/517 493/570/517
f 493/570/518 494/569/518 496/571/518 495/572/518
f 495/572/519 496/571/519 498/573/519 497/574/519
f 497/574/520 498/573/520 500/575/520 499/27/520
f 499/27/521 500/575/521 502/576/521 501/28/521
f 501/28/522 502/576/522 504/577/522 503/35/522
f 503/35/523 504/577/523 506/578/523 505/57/523
f 505/57/524 506/578/524 508/579/524 507/81/524
f 507/81/525 508/579/525 510/580/525 509/90/525
f 509/90/526 510/580/526 512/581/526 511/114/526
f 511/114/527 512/581/527 514/582/527 513/123/527
f 513/123/528 514/582/528 516/583/528 515/584/528
f 515/584/529 516/583/529 518/585/529 517/586/529
f 517/586/530 518/585/530 520/587/530 519/588/530
f 519/588/531 520/587/531 522/589/531 521/590/531
f 521/590/532 522/589/532 524/591/532 523/592/532
f 523/592/533 524/591/533 526/593/533 525/594/533
f 525/594/534 526/593/534 528/595/534 527/596/534
f 527/596/535 528/595/535 530/597/535 529/598/535
f 529/598/536 530/597/536 532/599/536 531/600/536
f 531/600/537 532/599/537 534/601/537 533/602/537
f 533/602/538 534/601/538 536/603/538 535/604/538
f 535/604/539 536/603/539 538/605/539 537/606/539
f 537/606/540 538/605/540 540/607/540 539/608/540
f 539/608/541 540/607/541 542/609/541 541/610/541
f 541/610/542 542/609/542 544/611/542 543/612/542
f 486/613/543 484/614/543 546/615/543 544/616/543 542/617/543 540/618/543 538/619/543 536/620/543 534/621/543 532/622/543 530/623/543 528/624/543 526/625/543 524/626/543 522/627/543 520/628/543 518/629/543 516/630/543 514/631/543 512/632/543 510/633/543 508/634/543 506/635/543 504/636/543 502/637/543 500/638/543 498/639/543 496/640/543 494/641/543 492/642/543 490/643/543 488/644/543
f 543/612/544 544/611/544 546/645/544 545/646/544
f 545/646/545 546/645/545 484/647/545 483/408/545
f 483/648/546 485/649/546 487/650/546 489/651/546 491/652/546 493/653/546 495/654/546 497/655/546 499/656/546 501/657/546 503/658/546 505/659/546 507/660/546 509/661/546 511/662/546 513/663/546 515/664/546 517/665/546 519/666/546 521/667/546 523/668/546 525/669/546 527/670/546 529/671/546 531/672/546 533/673/546 535/674/546 537/675/546 539/676/546 541/677/546 543/678/546 545/679/546
f 547/442/547 548/560/547 550/561/547 549/562/547
f 549/562/548 550/561/548 552/563/548 551/564/548
f 551/564/549 552/563/549 554/565/549 553/566/549
f 553/566/550 554/565/550 556/567/550 555/568/550
f 555/568/551 556/567/551 558/569/551 557/570/551
f 557/570/552 558/569/552 560/571/552 559/572/552
f 559/572/553 560/571/553 562/573/553 561/574/553
f 561/574/554 562/573/554 564/575/554 563/27/554
f 563/27/555 564/575/555 566/576/555 565/28/555
f 565/28/556 566/576/556 568/577/556 567/35/556
f 567/35/557 568/577/557 570/578/557 569/57/557
f 569/57/558 570/578/558 572/579/558 571/81/558
f 571/81/559 572/579/559 574/580/559 573/90/559
f 573/90/560 574/580/560 576/581/560 575/114/560
f 575/114/561 576/581/561 578/582/561 577/123/561
f 577/123/562 578/582/562 580/583/562 579/584/562
f 579/584/563 580/583/563 582/585/563 581/586/563
f 581/586/564 582/585/564 584/587/564 583/588/564
f 583/588/565 584/587/565 586/589/565 585/590/565
f 585/590/566 586/589/566 588/591/566 587/592/566
f 587/592/567 588/591/567 590/593/567 589/594/567
f 589/594/568 590/593/568 592/595/568 591/596/568
f 591/596/569 592/595/569 594/597/569 593/598/569
f 593/598/570 594/597/570 596/599/570 595/600/570
f 595/600/571 596/599/571 598/601/571 597/602/571
f 597/602/572 598/601/572 600/603/572 599/604/572
f 599/604/573 600/603/573 602/605/573 601/606/573
f 601/606/574 602/605/574 604/607/574 603/608/574
f 603/608/575 604/607/575 606/609/575 605/610/575
f 605/610/576 606/609/576 608/611/576 607/612/576
f 550/613/543 548/614/543 610/615/543 608/616/543 606/617/543 604/618/543 602/619/543 600/620/543 598/621/543 596/622/543 594/623/543 592/624/543 590/625/543 588/626/543 586/627/543 584/628/543 582/629/543 580/630/543 578/631/543 576/632/543 574/633/543 572/634/543 570/635/543 568/636/543 566/637/543 564/638/543 562/639/543 560/640/543 558/641/543 556/642/543 554/643/543 552/644/543
f 607/612/577 608/611/577 610/645/577 609/646/577
f 609/646/578 610/645/578 548/647/578 547/408/578
f 547/648/546 549/649/546 551/650/546 553/651/546 555/652/546 557/653/546 559/654/546 561/655/546 563/656/546 565/657/546 567/658/546 569/659/546 571/660/546 573/661/546 575/662/546 577/663/546 579/664/546 581/665/546 583/666/546 585/667/546 587/668/546 589/669/546 591/670/546 593/671/546 595/672/546 597/673/546 599/674/546 601/675/546 603/676/546 605/677/546 607/678/546 609/679/546
f 611/442/579 612/560/579 614/561/579 613/562/579
f 613/562/580 614/561/580 616/563/580 615/564/580
f 615/564/581 616/563/581 618/565/581 617/566/581
f 617/566/582 618/565/582 620/567/582 619/568/582
f 619/568/583 620/567/583 622/569/583 621/570/583
f 621/570/584 622/569/584 624/571/584 623/572/584
f 623/572/585 624/571/585 626/573/585 625/574/585
f 625/574/586 626/573/586 628/575/586 627/27/586
f 627/27/587 628/575/587 630/576/587 629/28/587
f 629/28/588 630/576/588 632/577/588 631/35/588
f 631/35/589 632/577/589 634/578/589 633/57/589
f 633/57/590 634/578/590 636/579/590 635/81/590
f 635/81/591 636/579/591 638/580/591 637/90/591
f 637/90/592 638/580/592 640/581/592 639/114/592
f 639/114/593 640/581/593 642/582/593 641/123/593
f 641/123/594 642/582/594 644/583/594 643/584/594
f 643/584/595 644/583/595 646/585/595 645/586/595
f 645/586/596 646/585/596 648/587/596 647/588/596
f 647/588/597 648/587/597 650/589/597 649/590/597
f 649/590/598 650/589/598 652/591/598 651/592/598
f 651/592/599 652/591/599 654/593/599 653/594/599
f 653/594/600 654/593/600 656/595/600 655/596/600
f 655/596/601 656/595/601 658/597/601 657/598/601
f 657/598/602 658/597/602 660/599/602 659/600/602
f 659/600/603 660/599/603 662/601/603 661/602/603
f 661/602/604 662/601/604 664/603/604 663/604/604
f 663/604/605 664/603/605 666/605/605 665/606/605
f 665/606/606 666/605/606 668/607/606 667/608/606
f 667/608/607 668/607/607 670/609/607 669/610/607
f 669/610/608 670/609/608 672/611/608 671/612/608
f 614/613/609 612/614/609 674/615/609 672/616/609 670/617/609 668/618/609 666/619/609 664/620/609 662/621/609 660/622/609 658/623/609 656/624/609 654/625/609 652/626/609 650/627/609 648/628/609 646/629/609 644/630/609 642/631/609 640/632/609 638/633/609 636/634/609 634/635/609 632/636/609 630/637/609 628/638/609 626/639/609 624/640/609 622/641/609 620/642/609 618/643/609 616/644/609
f 671/612/610 672/611/610 674/645/610 673/646/610
f 673/646/611 674/645/611 612/647/611 611/408/611
f 611/648/612 613/649/612 615/650/612 617/651/612 619/652/612 621/653/612 623/654/612 625/655/612 627/656/612 629/657/612 631/658/612 633/659/612 635/660/612 637/661/612 639/662/612 641/663/612 643/664/612 645/665/612 647/666/612 649/667/612 651/668/612 653/669/612 655/670/612 657/671/612 659/672/612 661/673/612 663/674/612 665/675/612 667/676/612 669/677/612 671/678/612 673/679/612
f 675/442/613 676/560/613 678/561/613 677/562/613
f 677/562/614 678/561/614 680/563/614 679/564/614
f 679/564/615 680/563/615 682/565/615 681/566/615
f 681/566/616 682/565/616 684/567/616 683/568/616
f 683/568/617 684/567/617 686/569/617 685/570/617
f 685/570/618 686/569/618 688/571/618 687/572/618
f 687/572/619 688/571/619 690/573/619 689/574/619
f 689/574/620 690/573/620 692/575/620 691/27/620
f 691/27/621 692/575/621 694/576/621 693/28/621
f 693/28/622 694/576/622 696/577/622 695/35/622
f 695/35/623 696/577/623 698/578/623 697/57/623
f 697/57/624 698/578/624 700/579/624 699/81/624
f 699/81/625 700/579/625 702/580/625 701/90/625
f 701/90/626 702/580/626 704/581/626 703/114/626
f 703/114/627 704/581/627 706/582/627 705/123/627
f 705/123/628 706/582/628 708/583/628 707/584/628
f 707/584/629 708/583/629 710/585/629 709/586/629
f 709/586/630 710/585/630 712/587/630 711/588/630
f 711/588/631 712/587/631 714/589/631 713/590/631
f 713/590/632 714/589/632 716/591/632 715/592/632
f 715/592/633 716/591/633 718/593/633 717/594/633
f 717/594/634 718/593/634 720/595/634 719/596/634
f 719/596/635 720/595/635 722/597/635 721/598/635
f 721/598/636 722/597/636 724/599/636 723/600/636
f 723/600/637 724/599/637 726/601/637 725/602/637
f 725/602/638 726/601/638 728/603/638 727/604/638
f 727/604/639 728/603/639 730/605/639 729/606/639
f 729/606/640 730/605/640 732/607/640 731/608/640
f 731/608/641 732/607/641 734/609/641 733/610/641
f 733/610/642 734/609/642 736/611/642 735/612/642
f 678/613/609 676/614/609 738/615/609 736/616/609 734/617/609 732/618/609 730/619/609 728/620/609 726/621/609 724/622/609 722/623/609 720/624/609 718/625/609 716/626/609 714/627/609 712/628/609 710/629/609 708/630/609 706/631/609 704/632/609 702/633/609 700/634/609 698/635/609 696/636/609 694/637/609 692/638/609 690/639/609 688/640/609 686/641/609 684/642/609 682/643/609 680/644/609
f 735/612/643 736/611/643 738/645/643 737/646/643
f 737/646/644 738/645/644 676/647/644 675/408/644
f 675/648/612 677/649/612 679/650/612 681/651/612 683/652/612 685/653/612 687/654/612 689/655/612 691/656/612 693/657/612 695/658/612 697/659/612 699/660/612 701/661/612 703/662/612 705/663/612 707/664/612 709/665/612 711/666/612 713/667/612 715/668/612 717/669/612 719/670/612 721/671/612 723/672/612 725/673/612 727/674/612 729/675/612 731/676/612 733/677/612 735/678/612 737/679/612
f 1216/1/645 743/2/645 753/3/645 754/4/645
f 739/5/646 1213/6/646 746/7/646 747/8/646
f 744/9/647 1216/1/647 754/4/647 755/10/647
f 1214/11/648 739/5/648 747/8/648 748/12/648
f 1217/13/649 744/9/649 755/10/649 756/14/649
f 740/15/650 1214/11/650 748/12/650 749/16/650
f 1218/17/651 1217/13/651 756/14/651 757/18/651
f 1215/19/652 740/15/652 749/16/652 750/20/652
f 1219/21/653 1218/17/653 757/18/653 758/22/653
f 741/23/654 1215/19/654 750/20/654 751/24/654
f 1220/25/655 1219/21/655 758/22/655 759/26/655
f 742/27/656 741/23/656 751/24/656 752/28/656
f 1212/29/657 820/30/657 745/31/657
f 1046/32/658 1220/25/658 759/26/658
f 743/2/659 742/27/659 752/28/659 753/3/659
f 1213/6/660 1212/29/660 745/31/660 746/7/660
f 1046/33/661 759/26/661 774/34/661
f 753/3/662 752/28/662 767/35/662 768/36/662
f 746/7/663 745/31/663 760/37/663 761/38/663
f 754/4/664 753/3/664 768/36/664 769/39/664
f 747/8/665 746/7/665 761/38/665 762/40/665
f 755/10/666 754/4/666 769/39/666 770/41/666
f 748/12/667 747/8/667 762/40/667 763/42/667
f 756/14/668 755/10/668 770/41/668 771/43/668
f 749/16/669 748/12/669 763/42/669 764/44/669
f 757/18/670 756/14/670 771/43/670 772/45/670
f 750/20/671 749/16/671 764/44/671 765/46/671
f 758/22/672 757/18/672 772/45/672 773/47/672
f 751/24/673 750/20/673 765/46/673 766/48/673
f 759/26/674 758/22/674 773/47/674 774/34/674
f 752/28/675 751/24/675 766/48/675 767/35/675
f 745/31/676 820/49/676 760/37/676
f 772/45/677 771/43/677 786/50/677 787/51/677
f 765/46/678 764/44/678 779/52/678 780/53/678
f 773/47/679 772/45/679 787/51/679 788/54/679
f 766/48/680 765/46/680 780/53/680 781/55/680
f 774/34/681 773/47/681 788/54/681 789/56/681
f 767/35/682 766/48/682 781/55/682 782/57/682
f 760/37/683 820/58/683 775/59/683
f 1046/60/684 774/34/684 789/56/684
f 768/36/685 767/35/685 782/57/685 783/61/685
f 761/38/686 760/37/686 775/59/686 776/62/686
f 769/39/687 768/36/687 783/61/687 784/63/687
f 762/40/688 761/38/688 776/62/688 777/64/688
f 770/41/689 769/39/689 784/63/689 785/65/689
f 763/42/690 762/40/690 777/64/690 778/66/690
f 771/43/691 770/41/691 785/65/691 786/50/691
f 764/44/692 763/42/692 778/66/692 779/52/692
f 776/62/693 775/59/693 790/67/693 791/68/693
f 784/63/694 783/61/694 798/69/694 799/70/694
f 777/64/695 776/62/695 791/68/695 792/71/695
f 785/65/696 784/63/696 799/70/696 800/72/696
f 778/66/697 777/64/697 792/71/697 793/73/697
f 786/50/698 785/65/698 800/72/698 801/74/698
f 779/52/699 778/66/699 793/73/699 794/75/699
f 787/51/700 786/50/700 801/74/700 802/76/700
f 780/53/701 779/52/701 794/75/701 795/77/701
f 788/54/702 787/51/702 802/76/702 803/78/702
f 781/55/703 780/53/703 795/77/703 796/79/703
f 789/56/704 788/54/704 803/78/704 804/80/704
f 782/57/705 781/55/705 796/79/705 797/81/705
f 775/59/706 820/82/706 790/67/706
f 1046/83/707 789/56/707 804/80/707
f 783/61/708 782/57/708 797/81/708 798/69/708
f 795/77/709 794/75/709 809/84/709 810/85/709
f 803/78/710 802/76/710 817/86/710 818/87/710
f 796/79/711 795/77/711 810/85/711 811/88/711
f 804/80/712 803/78/712 818/87/712 819/89/712
f 797/81/713 796/79/713 811/88/713 812/90/713
f 790/67/714 820/91/714 805/92/714
f 1046/93/715 804/80/715 819/89/715
f 798/69/716 797/81/716 812/90/716 813/94/716
f 791/68/717 790/67/717 805/92/717 806/95/717
f 799/70/718 798/69/718 813/94/718 814/96/718
f 792/71/719 791/68/719 806/95/719 807/97/719
f 800/72/720 799/70/720 814/96/720 815/98/720
f 793/73/721 792/71/721 807/97/721 808/99/721
f 801/74/722 800/72/722 815/98/722 816/100/722
f 794/75/723 793/73/723 808/99/723 809/84/723
f 802/76/724 801/74/724 816/100/724 817/86/724
f 814/96/725 813/94/725 829/101/725 830/102/725
f 807/97/726 806/95/726 822/103/726 823/104/726
f 815/98/727 814/96/727 830/102/727 831/105/727
f 808/99/728 807/97/728 823/104/728 824/106/728
f 816/100/729 815/98/729 831/105/729 832/107/729
f 809/84/730 808/99/730 824/106/730 825/108/730
f 817/86/731 816/100/731 832/107/731 833/109/731
f 810/85/732 809/84/732 825/108/732 826/110/732
f 818/87/733 817/86/733 833/109/733 834/111/733
f 811/88/734 810/85/734 826/110/734 827/112/734
f 819/89/735 818/87/735 834/111/735 835/113/735
f 812/90/736 811/88/736 827/112/736 828/114/736
f 805/92/737 820/115/737 821/116/737
f 1046/117/738 819/89/738 835/113/738
f 813/94/739 812/90/739 828/114/739 829/101/739
f 806/95/740 805/92/740 821/116/740 822/103/740
f 834/111/741 833/109/741 848/118/741 849/119/741
f 827/112/742 826/110/742 841/120/742 842/121/742
f 835/113/743 834/111/743 849/119/743 850/122/743
f 828/114/744 827/112/744 842/121/744 843/123/744
f 821/116/745 820/124/745 836/125/745
f 1046/126/746 835/113/746 850/122/746
f 829/101/747 828/114/747 843/123/747 844/127/747
f 822/103/748 821/116/748 836/125/748 837/128/748
f 830/102/749 829/101/749 844/127/749 845/129/749
f 823/104/750 822/103/750 837/128/750 838/130/750
f 831/105/751 830/102/751 845/129/751 846/131/751
f 824/106/752 823/104/752 838/130/752 839/132/752
f 832/107/753 831/105/753 846/131/753 847/133/753
f 825/108/754 824/106/754 839/132/754 840/134/754
f 833/109/755 832/107/755 847/133/755 848/118/755
f 826/110/756 825/108/756 840/134/756 841/120/756
f 838/130/757 837/128/757 852/135/757 853/136/757
f 846/131/758 845/129/758 860/137/758 861/138/758
f 839/132/759 838/130/759 853/136/759 854/139/759
f 847/133/760 846/131/760 861/138/760 862/140/760
f 840/134/761 839/132/761 854/139/761 855/141/761
f 848/118/762 847/133/762 862/140/762 863/142/762
f 841/120/763 840/134/763 855/141/763 856/143/763
f 849/119/764 848/118/764 863/142/764 864/144/764
f 842/121/765 841/120/765 856/143/765 857/145/765
f 850/122/766 849/119/766 864/144/766 865/146/766
f 843/123/767 842/121/767 857/145/767 858/147/767
f 836/125/768 820/148/768 851/149/768
f 1046/150/769 850/122/769 865/146/769
f 844/127/770 843/123/770 858/147/770 859/151/770
f 837/128/771 836/125/771 851/149/771 852/135/771
f 845/129/772 844/127/772 859/151/772 860/137/772
f 857/145/773 856/143/773 871/152/773 872/153/773
f 865/146/774 864/144/774 879/154/774 880/155/774
f 858/147/775 857/145/775 872/153/775 873/156/775
f 851/149/776 820/157/776 866/158/776
f 1046/159/777 865/146/777 880/155/777
f 859/151/778 858/147/778 873/156/778 874/160/778
f 852/135/779 851/149/779 866/158/779 867/161/779
f 860/137/780 859/151/780 874/160/780 875/162/780
f 853/136/781 852/135/781 867/161/781 868/163/781
f 861/138/782 860/137/782 875/162/782 876/164/782
f 854/139/783 853/136/783 868/163/783 869/165/783
f 862/140/784 861/138/784 876/164/784 877/166/784
f 855/141/785 854/139/785 869/165/785 870/167/785
f 863/142/786 862/140/786 877/166/786 878/168/786
f 856/143/787 855/141/787 870/167/787 871/152/787
f 864/144/788 863/142/788 878/168/788 879/154/788
f 876/164/789 875/162/789 890/169/789 891/170/789
f 869/165/790 868/163/790 883/171/790 884/172/790
f 877/166/791 876/164/791 891/170/791 892/173/791
f 870/167/792 869/165/792 884/172/792 885/174/792
f 878/168/793 877/166/793 892/173/793 893/175/793
f 871/152/794 870/167/794 885/174/794 886/176/794
f 879/154/795 878/168/795 893/175/795 894/177/795
f 872/153/796 871/152/796 886/176/796 887/178/796
f 880/155/797 879/154/797 894/177/797 895/179/797
f 873/156/798 872/153/798 887/178/798 888/180/798
f 866/158/799 820/181/799 881/182/799
f 1046/183/800 880/155/800 895/179/800
f 874/160/801 873/156/801 888/180/801 889/184/801
f 867/161/802 866/158/802 881/182/802 882/185/802
f 875/162/803 874/160/803 889/184/803 890/169/803
f 868/163/804 867/161/804 882/185/804 883/171/804
f 895/179/805 894/177/805 909/186/805 910/187/805
f 888/180/806 887/178/806 902/188/806 903/189/806
f 881/182/807 820/190/807 896/191/807
f 1046/192/808 895/179/808 910/187/808
f 889/184/809 888/180/809 903/189/809 904/193/809
f 882/185/810 881/182/810 896/191/810 897/194/810
f 890/169/811 889/184/811 904/193/811 905/195/811
f 883/171/812 882/185/812 897/194/812 898/196/812
f 891/170/813 890/169/813 905/195/813 906/197/813
f 884/172/814 883/171/814 898/196/814 899/198/814
f 892/173/815 891/170/815 906/197/815 907/199/815
f 885/174/816 884/172/816 899/198/816 900/200/816
f 893/175/817 892/173/817 907/199/817 908/201/817
f 886/176/818 885/174/818 900/200/818 901/202/818
f 894/177/819 893/175/819 908/201/819 909/186/819
f 887/178/820 886/176/820 901/202/820 902/188/820
f 907/199/821 906/197/821 921/203/821 922/204/821
f 900/200/822 899/198/822 914/205/822 915/206/822
f 908/201/823 907/199/823 922/204/823 923/207/823
f 901/202/824 900/200/824 915/206/824 916/208/824
f 909/186/825 908/201/825 923/207/825 924/209/825
f 902/188/826 901/202/826 916/208/826 917/210/826
f 910/187/827 909/186/827 924/209/827 925/211/827
f 903/189/828 902/188/828 917/210/828 918/212/828
f 896/191/829 820/213/829 911/214/829
f 1046/215/830 910/187/830 925/211/830
f 904/193/831 903/189/831 918/212/831 919/216/831
f 897/194/832 896/191/832 911/214/832 912/217/832
f 905/195/833 904/193/833 919/216/833 920/218/833
f 898/196/834 897/194/834 912/217/834 913/219/834
f 906/197/835 905/195/835 920/218/835 921/203/835
f 899/198/836 898/196/836 913/219/836 914/205/836
f 911/214/837 820/220/837 926/221/837
f 1046/222/838 925/211/838 940/223/838
f 919/216/839 918/212/839 933/224/839 934/225/839
f 912/217/840 911/214/840 926/221/840 927/226/840
f 920/218/841 919/216/841 934/225/841 935/227/841
f 913/219/842 912/217/842 927/226/842 928/228/842
f 921/203/843 920/218/843 935/227/843 936/229/843
f 914/205/844 913/219/844 928/228/844 929/230/844
f 922/204/845 921/203/845 936/229/845 937/231/845
f 915/206/846 914/205/846 929/230/846 930/232/846
f 923/207/847 922/204/847 937/231/847 938/233/847
f 916/208/848 915/206/848 930/232/848 931/234/848
f 924/209/849 923/207/849 938/233/849 939/235/849
f 917/210/850 916/208/850 931/234/850 932/236/850
f 925/211/851 924/209/851 939/235/851 940/223/851
f 918/212/852 917/210/852 932/236/852 933/224/852
f 930/232/853 929/230/853 944/237/853 945/238/853
f 938/233/854 937/231/854 952/239/854 953/240/854
f 931/234/855 930/232/855 945/238/855 946/241/855
f 939/235/856 938/233/856 953/240/856 954/242/856
f 932/236/857 931/234/857 946/241/857 947/243/857
f 940/223/858 939/235/858 954/242/858 955/244/858
f 933/224/859 932/236/859 947/243/859 948/245/859
f 926/221/860 820/246/860 941/247/860
f 1046/248/861 940/223/861 955/244/861
f 934/225/862 933/224/862 948/245/862 949/249/862
f 927/226/863 926/221/863 941/247/863 942/250/863
f 935/227/864 934/225/864 949/249/864 950/251/864
f 928/228/865 927/226/865 942/250/865 943/252/865
f 936/229/866 935/227/866 950/251/866 951/253/866
f 929/230/867 928/228/867 943/252/867 944/237/867
f 937/231/868 936/229/868 951/253/868 952/239/868
f 949/249/869 948/245/869 963/254/869 964/255/869
f 942/250/870 941/247/870 956/256/870 957/257/870
f 950/251/871 949/249/871 964/255/871 965/258/871
f 943/252/872 942/250/872 957/257/872 958/259/872
f 951/253/873 950/251/873 965/258/873 966/260/873
f 944/237/874 943/252/874 958/259/874 959/261/874
f 952/239/875 951/253/875 966/260/875 967/262/875
f 945/238/876 944/237/876 959/261/876 960/263/876
f 953/240/877 952/239/877 967/262/877 968/264/877
f 946/241/878 945/238/878 960/263/878 961/265/878
f 954/242/879 953/240/879 968/264/879 969/266/879
f 947/243/880 946/241/880 961/265/880 962/267/880
f 955/244/881 954/242/881 969/266/881 970/268/881
f 948/245/882 947/243/882 962/267/882 963/254/882
f 941/247/883 820/269/883 956/256/883
f 1046/270/884 955/244/884 970/268/884
f 968/264/885 967/262/885 982/271/885 983/272/885
f 961/265/886 960/263/886 975/273/886 976/274/886
f 969/266/887 968/264/887 983/272/887 984/275/887
f 962/267/888 961/265/888 976/274/888 977/276/888
f 970/268/889 969/266/889 984/275/889 985/277/889
f 963/254/890 962/267/890 977/276/890 978/278/890
f 956/256/891 820/279/891 971/280/891
f 1046/281/892 970/268/892 985/277/892
f 964/255/893 963/254/893 978/278/893 979/282/893
f 957/257/894 956/256/894 971/280/894 972/283/894
f 965/258/895 964/255/895 979/282/895 980/284/895
f 958/259/896 957/257/896 972/283/896 973/285/896
f 966/260/897 965/258/897 980/284/897 981/286/897
f 959/261/898 958/259/898 973/285/898 974/287/898
f 967/262/899 966/260/899 981/286/899 982/271/899
f 960/263/900 959/261/900 974/287/900 975/273/900
f 972/283/901 971/280/901 986/288/901 987/289/901
f 980/284/902 979/282/902 994/290/902 995/291/902
f 973/285/903 972/283/903 987/289/903 988/292/903
f 981/286/904 980/284/904 995/291/904 996/293/904
f 974/287/905 973/285/905 988/292/905 989/294/905
f 982/271/906 981/286/906 996/293/906 997/295/906
f 975/273/907 974/287/907 989/294/907 990/296/907
f 983/272/908 982/271/908 997/295/908 998/297/908
f 976/274/909 975/273/909 990/296/909 991/298/909
f 984/275/910 983/272/910 998/297/910 999/299/910
f 977/276/911 976/274/911 991/298/911 992/300/911
f 985/277/912 984/275/912 999/299/912 1000/301/912
f 978/278/913 977/276/913 992/300/913 993/302/913
f 971/280/914 820/303/914 986/288/914
f 1046/304/915 985/277/915 1000/301/915
f 979/282/916 978/278/916 993/302/916 994/290/916
f 991/298/917 990/296/917 1005/305/917 1006/306/917
f 999/299/918 998/297/918 1013/307/918 1014/308/918
f 992/300/919 991/298/919 1006/306/919 1007/309/919
f 1000/301/920 999/299/920 1014/308/920 1015/310/920
f 993/302/921 992/300/921 1007/309/921 1008/311/921
f 986/288/922 820/312/922 1001/313/922
f 1046/314/923 1000/301/923 1015/310/923
f 994/290/924 993/302/924 1008/311/924 1009/315/924
f 987/289/925 986/288/925 1001/313/925 1002/316/925
f 995/291/926 994/290/926 1009/315/926 1010/317/926
f 988/292/927 987/289/927 1002/316/927 1003/318/927
f 996/293/928 995/291/928 1010/317/928 1011/319/928
f 989/294/929 988/292/929 1003/318/929 1004/320/929
f 997/295/930 996/293/930 1011/319/930 1012/321/930
f 990/296/931 989/294/931 1004/320/931 1005/305/931
f 998/297/932 997/295/932 1012/321/932 1013/307/932
f 1010/317/933 1009/315/933 1024/322/933 1025/323/933
f 1003/318/934 1002/316/934 1017/324/934 1018/325/934
f 1011/319/935 1010/317/935 1025/323/935 1026/326/935
f 1004/320/936 1003/318/936 1018/325/936 1019/327/936
f 1012/321/937 1011/319/937 1026/326/937 1027/328/937
f 1005/305/938 1004/320/938 1019/327/938 1020/329/938
f 1013/307/939 1012/321/939 1027/328/939 1028/330/939
f 1006/306/940 1005/305/940 1020/329/940 1021/331/940
f 1014/308/941 1013/307/941 1028/330/941 1029/332/941
f 1007/309/942 1006/306/942 1021/331/942 1022/333/942
f 1015/310/943 1014/308/943 1029/332/943 1030/334/943
f 1008/311/944 1007/309/944 1022/333/944 1023/335/944
f 1001/313/945 820/336/945 1016/337/945
f 1046/338/946 1015/310/946 1030/334/946
f 1009/315/947 1008/311/947 1023/335/947 1024/322/947
f 1002/316/948 1001/313/948 1016/337/948 1017/324/948
f 1029/332/949 1028/330/949 1043/339/949 1044/340/949
f 1022/333/950 1021/331/950 1036/341/950 1037/342/950
f 1030/334/951 1029/332/951 1044/340/951 1045/343/951
f 1023/335/952 1022/333/952 1037/342/952 1038/344/952
f 1016/337/953 820/345/953 1031/346/953
f 1046/347/954 1030/334/954 1045/343/954
f 1024/322/955 1023/335/955 1038/344/955 1039/348/955
f 1017/324/956 1016/337/956 1031/346/956 1032/349/956
f 1025/323/957 1024/322/957 1039/348/957 1040/350/957
f 1018/325/958 1017/324/958 1032/349/958 1033/351/958
f 1026/326/959 1025/323/959 1040/350/959 1041/352/959
f 1019/327/960 1018/325/960 1033/351/960 1034/353/960
f 1027/328/961 1026/326/961 1041/352/961 1042/354/961
f 1020/329/962 1019/327/962 1034/353/962 1035/355/962
f 1028/330/963 1027/328/963 1042/354/963 1043/339/963
f 1021/331/964 1020/329/964 1035/355/964 1036/341/964
f 1041/352/965 1040/350/965 1056/356/965 1057/357/965
f 1034/353/966 1033/351/966 1049/358/966 1050/359/966
f 1042/354/967 1041/352/967 1057/357/967 1058/360/967
f 1035/355/968 1034/353/968 1050/359/968 1051/361/968
f 1043/339/969 1042/354/969 1058/360/969 1059/362/969
f 1036/341/970 1035/355/970 1051/361/970 1052/363/970
f 1044/340/971 1043/339/971 1059/362/971 1060/364/971
f 1037/342/972 1036/341/972 1052/363/972 1053/365/972
f 1045/343/973 1044/340/973 1060/364/973 1061/366/973
f 1038/344/974 1037/342/974 1053/365/974 1054/367/974
f 1031/346/975 820/368/975 1047/369/975
f 1046/370/976 1045/343/976 1061/366/976
f 1039/348/977 1038/344/977 1054/367/977 1055/371/977
f 1032/349/978 1031/346/978 1047/369/978 1048/372/978
f 1040/350/979 1039/348/979 1055/371/979 1056/356/979
f 1033/351/980 1032/349/980 1048/372/980 1049/358/980
f 1061/366/981 1060/364/981 1075/373/981 1076/374/981
f 1054/367/982 1053/365/982 1068/375/982 1069/376/982
f 1047/369/983 820/377/983 1062/378/983
f 1046/379/984 1061/366/984 1076/374/984
f 1055/371/985 1054/367/985 1069/376/985 1070/380/985
f 1048/372/986 1047/369/986 1062/378/986 1063/381/986
f 1056/356/987 1055/371/987 1070/380/987 1071/382/987
f 1049/358/988 1048/372/988 1063/381/988 1064/383/988
f 1057/357/989 1056/356/989 1071/382/989 1072/384/989
f 1050/359/990 1049/358/990 1064/383/990 1065/385/990
f 1058/360/991 1057/357/991 1072/384/991 1073/386/991
f 1051/361/992 1050/359/992 1065/385/992 1066/387/992
f 1059/362/993 1058/360/993 1073/386/993 1074/388/993
f 1052/363/994 1051/361/994 1066/387/994 1067/389/994
f 1060/364/995 1059/362/995 1074/388/995 1075/373/995
f 1053/365/996 1052/363/996 1067/389/996 1068/375/996
f 1065/385/997 1064/383/997 1079/390/997 1080/391/997
f 1073/386/998 1072/384/998 1087/392/998 1088/393/998
f 1066/387/999 1065/385/999 1080/391/999 1081/394/999
f 1074/388/1000 1073/386/1000 1088/393/1000 1089/395/1000
f 1067/389/1001 1066/387/1001 1081/394/1001 1082/396/1001
f 1075/373/1002 1074/388/1002 1089/395/1002 1090/397/1002
f 1068/375/1003 1067/389/1003 1082/396/1003 1083/398/1003
f 1076/374/1004 1075/373/1004 1090/397/1004 1091/399/1004
f 1069/376/1005 1068/375/1005 1083/398/1005 1084/400/1005
f 1062/378/1006 820/401/1006 1077/402/1006
f 1046/403/1007 1076/374/1007 1091/399/1007
f 1070/380/1008 1069/376/1008 1084/400/1008 1085/404/1008
f 1063/381/1009 1062/378/1009 1077/402/1009 1078/405/1009
f 1071/382/1010 1070/380/1010 1085/404/1010 1086/406/1010
f 1064/383/1011 1063/381/1011 1078/405/1011 1079/390/1011
f 1072/384/1012 1071/382/1012 1086/406/1012 1087/392/1012
f 1084/400/1013 1083/398/1013 1098/407/1013 1099/408/1013
f 1077/402/1014 820/409/1014 1092/410/1014
f 1046/411/1015 1091/399/1015 1106/412/1015
f 1085/404/1016 1084/400/1016 1099/408/1016 1100/413/1016
f 1078/405/1017 1077/402/1017 1092/410/1017 1093/414/1017
f 1086/406/1018 1085/404/1018 1100/413/1018 1101/415/1018
f 1079/390/1019 1078/405/1019 1093/414/1019 1094/416/1019
f 1087/392/1020 1086/406/1020 1101/415/1020 1102/417/1020
f 1080/391/1021 1079/390/1021 1094/416/1021 1095/418/1021
f 1088/393/1022 1087/392/1022 1102/417/1022 1103/419/1022
f 1081/394/1023 1080/391/1023 1095/418/1023 1096/420/1023
f 1089/395/1024 1088/393/1024 1103/419/1024 1104/421/1024
f 1082/396/1025 1081/394/1025 1096/420/1025 1097/422/1025
f 1090/397/1026 1089/395/1026 1104/421/1026 1105/423/1026
f 1083/398/1027 1082/396/1027 1097/422/1027 1098/407/1027
f 1091/399/1028 1090/397/1028 1105/423/1028 1106/412/1028
f 1103/424/1029 1102/425/1029 1117/426/1029 1118/427/1029
f 1096/428/1030 1095/429/1030 1110/430/1030 1111/431/1030
f 1104/432/1031 1103/424/1031 1118/427/1031 1119/433/1031
f 1097/434/1032 1096/428/1032 1111/431/1032 1112/435/1032
f 1105/436/1033 1104/432/1033 1119/433/1033 1120/437/1033
f 1098/438/1034 1097/434/1034 1112/435/1034 1113/439/1034
f 1106/440/1035 1105/436/1035 1120/437/1035 1121/441/1035
f 1099/442/1036 1098/438/1036 1113/439/1036 1114/443/1036
f 1092/444/1037 820/445/1037 1107/446/1037
f 1046/447/1038 1106/440/1038 1121/441/1038
f 1100/448/1039 1099/442/1039 1114/443/1039 1115/449/1039
f 1093/450/1040 1092/444/1040 1107/446/1040 1108/451/1040
f 1101/452/1041 1100/448/1041 1115/449/1041 1116/453/1041
f 1094/454/1042 1093/450/1042 1108/451/1042 1109/455/1042
f 1102/425/1043 1101/452/1043 1116/453/1043 1117/426/1043
f 1095/429/1044 1094/454/1044 1109/455/1044 1110/430/1044
f 1107/446/1045 820/456/1045 1122/457/1045
f 1046/458/1046 1121/441/1046 1136/459/1046
f 1115/449/1047 1114/443/1047 1129/460/1047 1130/461/1047
f 1108/451/1048 1107/446/1048 1122/457/1048 1123/462/1048
f 1116/453/1049 1115/449/1049 1130/461/1049 1131/463/1049
f 1109/455/1050 1108/451/1050 1123/462/1050 1124/464/1050
f 1117/426/1051 1116/453/1051 1131/463/1051 1132/465/1051
f 1110/430/1052 1109/455/1052 1124/464/1052 1125/466/1052
f 1118/427/1053 1117/426/1053 1132/465/1053 1133/467/1053
f 1111/431/1054 1110/430/1054 1125/466/1054 1126/468/1054
f 1119/433/1055 1118/427/1055 1133/467/1055 1134/469/1055
f 1112/435/1056 1111/431/1056 1126/468/1056 1127/470/1056
f 1120/437/1057 1119/433/1057 1134/469/1057 1135/471/1057
f 1113/439/1058 1112/435/1058 1127/470/1058 1128/472/1058
f 1121/441/1059 1120/437/1059 1135/471/1059 1136/459/1059
f 1114/443/1060 1113/439/1060 1128/472/1060 1129/460/1060
f 1126/468/1061 1125/466/1061 1140/473/1061 1141/474/1061
f 1134/469/1062 1133/467/1062 1148/475/1062 1149/476/1062
f 1127/470/1063 1126/468/1063 1141/474/1063 1142/477/1063
f 1135/471/1064 1134/469/1064 1149/476/1064 1150/478/1064
f 1128/472/1065 1127/470/1065 1142/477/1065 1143/479/1065
f 1136/459/1066 1135/471/1066 1150/478/1066 1151/480/1066
f 1129/460/1067 1128/472/1067 1143/479/1067 1144/481/1067
f 1122/457/1068 820/482/1068 1137/483/1068
f 1046/484/1069 1136/459/1069 1151/480/1069
f 1130/461/1070 1129/460/1070 1144/481/1070 1145/485/1070
f 1123/462/1071 1122/457/1071 1137/483/1071 1138/486/1071
f 1131/463/1072 1130/461/1072 1145/485/1072 1146/487/1072
f 1124/464/1073 1123/462/1073 1138/486/1073 1139/488/1073
f 1132/465/1074 1131/463/1074 1146/487/1074 1147/489/1074
f 1125/466/1075 1124/464/1075 1139/488/1075 1140/473/1075
f 1133/467/1076 1132/465/1076 1147/489/1076 1148/475/1076
f 1145/485/1077 1144/481/1077 1159/490/1077 1160/491/1077
f 1138/486/1078 1137/483/1078 1152/492/1078 1153/493/1078
f 1146/487/1079 1145/485/1079 1160/491/1079 1161/494/1079
f 1139/488/1080 1138/486/1080 1153/493/1080 1154/495/1080
f 1147/489/1081 1146/487/1081 1161/494/1081 1162/496/1081
f 1140/473/1082 1139/488/1082 1154/495/1082 1155/497/1082
f 1148/475/1083 1147/489/1083 1162/496/1083 1163/498/1083
f 1141/474/1084 1140/473/1084 1155/497/1084 1156/499/1084
f 1149/476/1085 1148/475/1085 1163/498/1085 1164/500/1085
f 1142/477/1086 1141/474/1086 1156/499/1086 1157/501/1086
f 1150/478/1087 1149/476/1087 1164/500/1087 1165/502/1087
f 1143/479/1088 1142/477/1088 1157/501/1088 1158/503/1088
f 1151/480/1089 1150/478/1089 1165/502/1089 1166/504/1089
f 1144/481/1090 1143/479/1090 1158/503/1090 1159/490/1090
f 1137/483/1091 820/505/1091 1152/492/1091
f 1046/506/1092 1151/480/1092 1166/504/1092
f 1164/500/1093 1163/498/1093 1178/507/1093 1179/508/1093
f 1157/501/1094 1156/499/1094 1171/509/1094 1172/510/1094
f 1165/502/1095 1164/500/1095 1179/508/1095 1180/511/1095
f 1158/503/1096 1157/501/1096 1172/510/1096 1173/512/1096
f 1166/504/1097 1165/502/1097 1180/511/1097 1181/513/1097
f 1159/490/1098 1158/503/1098 1173/512/1098 1174/514/1098
f 1152/492/1099 820/515/1099 1167/516/1099
f 1046/517/1100 1166/504/1100 1181/513/1100
f 1160/491/1101 1159/490/1101 1174/514/1101 1175/518/1101
f 1153/493/1102 1152/492/1102 1167/516/1102 1168/519/1102
f 1161/494/1103 1160/491/1103 1175/518/1103 1176/520/1103
f 1154/495/1104 1153/493/1104 1168/519/1104 1169/521/1104
f 1162/496/1105 1161/494/1105 1176/520/1105 1177/522/1105
f 1155/497/1106 1154/495/1106 1169/521/1106 1170/523/1106
f 1163/498/1107 1162/496/1107 1177/522/1107 1178/507/1107
f 1156/499/1108 1155/497/1108 1170/523/1108 1171/509/1108
f 1176/520/1109 1175/518/1109 1190/524/1109 1191/525/1109
f 1169/521/1110 1168/519/1110 1183/526/1110 1184/527/1110
f 1177/522/1111 1176/520/1111 1191/525/1111 1192/528/1111
f 1170/523/1112 1169/521/1112 1184/527/1112 1185/529/1112
f 1178/507/1113 1177/522/1113 1192/528/1113 1193/530/1113
f 1171/509/1114 1170/523/1114 1185/529/1114 1186/531/1114
f 1179/508/1115 1178/507/1115 1193/530/1115 1194/532/1115
f 1172/510/1116 1171/509/1116 1186/531/1116 1187/533/1116
f 1180/511/1117 1179/508/1117 1194/532/1117 1195/534/1117
f 1173/512/1118 1172/510/1118 1187/533/1118 1188/535/1118
f 1181/513/1119 1180/511/1119 1195/534/1119 1196/536/1119
f 1174/514/1120 1173/512/1120 1188/535/1120 1189/537/1120
f 1167/516/1121 820/538/1121 1182/539/1121
f 1046/540/1122 1181/513/1122 1196/536/1122
f 1175/518/1123 1174/514/1123 1189/537/1123 1190/524/1123
f 1168/519/1124 1167/516/1124 1182/539/1124 1183/526/1124
f 1195/534/1125 1194/532/1125 1209/541/1125 1210/542/1125
f 1188/535/1126 1187/533/1126 1202/543/1126 1203/544/1126
f 1196/536/1127 1195/534/1127 1210/542/1127 1211/545/1127
f 1189/537/1128 1188/535/1128 1203/544/1128 1204/546/1128
f 1182/539/1129 820/547/1129 1197/548/1129
f 1046/549/1130 1196/536/1130 1211/545/1130
f 1190/524/1131 1189/537/1131 1204/546/1131 1205/550/1131
f 1183/526/1132 1182/539/1132 1197/548/1132 1198/551/1132
f 1191/525/1133 1190/524/1133 1205/550/1133 1206/552/1133
f 1184/527/1134 1183/526/1134 1198/551/1134 1199/553/1134
f 1192/528/1135 1191/525/1135 1206/552/1135 1207/554/1135
f 1185/529/1136 1184/527/1136 1199/553/1136 1200/555/1136
f 1193/530/1137 1192/528/1137 1207/554/1137 1208/556/1137
f 1186/531/1138 1185/529/1138 1200/555/1138 1201/557/1138
f 1194/532/1139 1193/530/1139 1208/556/1139 1209/541/1139
f 1187/533/1140 1186/531/1140 1201/557/1140 1202/543/1140
f 1199/553/1141 1198/551/1141 1213/6/1141 739/5/1141
f 1207/554/1142 1206/552/1142 1216/1/1142 744/9/1142
f 1200/555/1143 1199/553/1143 739/5/1143 1214/11/1143
f 1208/556/1144 1207/554/1144 744/9/1144 1217/13/1144
f 1201/557/1145 1200/555/1145 1214/11/1145 740/15/1145
f 1209/541/1146 1208/556/1146 1217/13/1146 1218/17/1146
f 1202/543/1147 1201/557/1147 740/15/1147 1215/19/1147
f 1210/542/1148 1209/541/1148 1218/17/1148 1219/21/1148
f 1203/544/1149 1202/543/1149 1215/19/1149 741/23/1149
f 1211/545/1150 1210/542/1150 1219/21/1150 1220/25/1150
f 1204/546/1151 1203/544/1151 741/23/1151 742/27/1151
f 1197/548/1152 820/558/1152 1212/29/1152
f 1046/559/1153 1211/545/1153 1220/25/1153
f 1205/550/1154 1204/546/1154 742/27/1154 743/2/1154
f 1198/551/1155 1197/548/1155 1212/29/1155 1213/6/1155
f 1206/552/1156 1205/550/1156 743/2/1156 1216/1/1156
